pair,timestamp,candle_index,rsi,ma_gap_pct,entry_price,exit_price,pct_change,action,raw_confidence,calibrated_confidence,was_correct,n_retrieved,n_retrieved_graded
BTC/USDT,1784145600.0,520,56.3,0.3763,64968.01,64584.07,-0.590967770137953,BUY,46,48,False,3,2
BTC/USDT,1784149200.0,521,52.78,0.3874,64834.31,64730.01,-0.16087161257672927,BUY,46,23,False,3,2
BTC/USDT,1784152800.0,522,53.55,0.3345,64866.93,64642.01,-0.34674062731194194,BUY,45,22,False,3,2
BTC/USDT,1784156400.0,523,50.56,0.2717,64756.28,64619.95,-0.21052784378596448,BUY,44,18,False,3,3
BTC/USDT,1784160000.0,524,46.24,0.1453,64584.07,64650.05,0.10216141534592539,BUY,42,37,False,3,3
BTC/USDT,1784163600.0,525,50.13,0.0295,64730.01,64917.99,0.2904062582409549,BUY,40,36,False,3,3
BTC/USDT,1784167200.0,526,47.88,-0.0479,64642.01,64777.32,0.20932208017664933,SELL,41,36,False,3,3
BTC/USDT,1784170800.0,527,47.3,-0.1122,64619.95,64238.0,-0.5910713332337724,SELL,42,17,True,3,3
BTC/USDT,1784174400.0,528,48.21,-0.1338,64650.05,64126.85,-0.8092801165660418,SELL,42,17,True,3,3
BTC/USDT,1784178000.0,529,55.58,-0.1365,64917.99,64090.0,-1.2754399820450357,SELL,42,17,True,3,3
BTC/USDT,1784181600.0,530,51.44,-0.1634,64777.32,64221.34,-0.8582942301410481,SELL,42,37,True,3,3
BTC/USDT,1784185200.0,531,39.35,-0.233,64238.0,64256.53,0.02884585447865568,SELL,43,57,False,3,3
BTC/USDT,1784188800.0,532,37.4,-0.3285,64126.85,63966.01,-0.2508153760866104,SELL,45,78,False,3,3
BTC/USDT,1784192400.0,533,36.75,-0.3954,64090.0,64376.0,0.4462474645030426,SELL,46,73,False,3,2
BTC/USDT,1784196000.0,534,40.71,-0.4245,64221.34,64543.51,0.5016556801835738,SELL,46,38,False,3,3
BTC/USDT,1784199600.0,535,41.76,-0.4623,64256.53,64704.73,0.6975166570619428,SELL,47,24,False,3,2
BTC/USDT,1784203200.0,536,36.07,-0.5233,63966.01,64484.0,0.8097894491152379,SELL,48,19,False,3,3
BTC/USDT,1784206800.0,537,47.04,-0.5521,64376.0,64069.03,-0.4768391947309575,SELL,48,19,False,3,3
BTC/USDT,1784210400.0,538,50.75,-0.5571,64543.51,64246.01,-0.4609293792667923,SELL,48,39,False,3,3
BTC/USDT,1784214000.0,539,54.09,-0.5917,64704.73,64271.84,-0.6690237328863078,SELL,49,40,True,3,3
BTC/USDT,1784217600.0,540,49.18,-0.6279,64484.0,64114.27,-0.5733670367843235,SELL,49,40,True,3,3
BTC/USDT,1784221200.0,541,41.53,-0.6201,64069.03,64161.99,0.14509350305443852,SELL,49,20,False,3,3
BTC/USDT,1784224800.0,542,45.43,-0.5546,64246.01,63968.0,-0.43272726197315914,SELL,48,19,False,3,3
BTC/USDT,1784228400.0,543,45.99,-0.4831,64271.84,63830.2,-0.6871438564696443,SELL,47,48,True,3,2
BTC/USDT,1784232000.0,544,43.06,-0.4336,64114.27,63886.0,-0.35603618352044997,SELL,47,39,False,3,3
BTC/USDT,1784235600.0,545,44.22,-0.3832,64161.99,63546.24,-0.9596803341043505,SELL,46,48,True,3,2
BTC/USDT,1784239200.0,546,40.6,-0.3235,63968.0,63482.0,-0.7597548774387193,SELL,45,38,True,3,3
BTC/USDT,1784242800.0,547,38.21,-0.345,63830.2,63570.0,-0.4076440305685978,SELL,45,58,False,3,3
BTC/USDT,1784246400.0,548,39.76,-0.3968,63886.0,63486.01,-0.6260996149391072,SELL,46,38,True,3,3
BTC/USDT,1784250000.0,549,34.15,-0.503,63546.24,62839.76,-1.1117573596801258,SELL,48,19,True,3,3
BTC/USDT,1784253600.0,550,33.19,-0.5821,63482.0,62948.0,-0.8411833275574179,SELL,49,24,True,3,2
BTC/USDT,1784257200.0,551,35.84,-0.5946,63570.0,62828.11,-1.1670442032405213,SELL,49,40,True,3,3
BTC/USDT,1784260800.0,552,34.44,-0.6416,63486.01,62888.0,-0.9419555583978297,SELL,50,67,True,3,1
BTC/USDT,1784264400.0,553,26.01,-0.7659,62839.76,62989.46,0.2382249709419595,HOLD,45,58,True,3,3
BTC/USDT,1784268000.0,554,29.14,-0.8634,62948.0,63179.92,0.3684310859757232,HOLD,45,48,True,3,2
BTC/USDT,1784271600.0,555,27.74,-0.9735,62828.11,63298.01,0.7479136329264106,HOLD,45,48,False,3,2
BTC/USDT,1784275200.0,556,29.56,-1.0518,62888.0,63099.75,0.33670970614425644,HOLD,45,48,True,3,2
BTC/USDT,1784278800.0,557,32.65,-1.0991,62989.46,63153.99,0.2612024297398308,SELL,56,42,False,3,3
BTC/USDT,1784282400.0,558,38.14,-1.1338,63179.92,63174.0,-0.009370065679092746,SELL,57,23,False,3,3
BTC/USDT,1784286000.0,559,41.33,-1.089,63298.01,63452.0,0.24327779024964283,SELL,56,42,False,3,3
BTC/USDT,1784289600.0,560,37.81,-1.0623,63099.75,63594.0,0.7832836104738925,SELL,56,78,False,3,2
BTC/USDT,1784293200.0,561,39.33,-1.0714,63153.99,64049.86,1.41854853509652,SELL,56,78,False,3,2
BTC/USDT,1784296800.0,562,39.92,-1.0711,63174.0,64259.73,1.718634248266697,SELL,56,71,False,3,1
BTC/USDT,1784300400.0,563,47.5,-0.9419,63452.0,64160.8,1.1170648679316695,SELL,54,42,False,3,3
BTC/USDT,1784304000.0,564,50.91,-0.808,63594.0,64120.0,0.8271220555398309,SELL,52,81,False,3,3
BTC/USDT,1784307600.0,565,59.91,-0.6054,64049.86,64110.0,0.09389559945954513,SELL,49,40,False,3,3
BTC/USDT,1784311200.0,566,63.25,-0.4052,64259.73,63986.0,-0.42597440107514173,SELL,46,18,False,3,3
BTC/USDT,1784314800.0,567,60.68,-0.2101,64160.8,63931.67,-0.35711836510767425,SELL,43,17,False,3,3
BTC/USDT,1784318400.0,568,59.61,-0.0403,64120.0,63910.04,-0.32744853399875096,SELL,41,16,False,3,3
BTC/USDT,1784322000.0,569,59.33,0.1184,64110.0,63952.98,-0.24492278895647604,BUY,42,37,False,3,3
BTC/USDT,1784325600.0,570,55.86,0.2839,63986.0,63967.61,-0.028740662019815923,BUY,44,38,False,3,3
BTC/USDT,1784329200.0,571,54.36,0.4133,63931.67,64017.84,0.1347845285443009,BUY,46,18,False,3,3
BTC/USDT,1784332800.0,572,53.74,0.5467,63910.04,63967.99,0.09067432910384203,BUY,48,39,False,3,3
BTC/USDT,1784336400.0,573,54.84,0.6423,63952.98,63967.95,0.023407822434535323,BUY,50,60,False,3,3
BTC/USDT,1784340000.0,574,55.23,0.7088,63967.61,63979.67,0.018853291533008146,BUY,51,60,False,3,3
BTC/USDT,1784343600.0,575,56.62,0.7113,64017.84,64002.75,-0.023571554429197405,BUY,51,60,False,3,3
BTC/USDT,1784347200.0,576,54.8,0.6655,63967.99,64006.01,0.05943597727551558,BUY,50,67,False,3,1
BTC/USDT,1784350800.0,577,54.8,0.6279,63967.95,63987.76,0.030968633511008165,BUY,49,24,False,3,2
BTC/USDT,1784354400.0,578,55.19,0.6009,63979.67,64016.43,0.05745575117846347,BUY,49,24,False,3,2
BTC/USDT,1784358000.0,579,56.0,0.5599,64002.75,64069.89,0.10490174250325089,BUY,48,39,False,3,3
BTC/USDT,1784361600.0,580,56.12,0.5355,64006.01,64218.0,0.33120327294264706,BUY,48,24,False,3,2
BTC/USDT,1784365200.0,581,55.21,0.5223,63987.76,64106.0,0.18478534019630935,BUY,48,39,False,3,3
BTC/USDT,1784368800.0,582,56.41,0.5111,64016.43,64126.0,0.17115918522791682,BUY,48,24,False,3,2
BTC/USDT,1784372400.0,583,58.63,0.4647,64069.89,64123.12,0.0830811477903321,BUY,47,19,False,3,3
BTC/USDT,1784376000.0,584,64.08,0.4373,64218.0,64303.47,0.13309352517985792,BUY,47,59,False,3,3
BTC/USDT,1784379600.0,585,57.87,0.384,64106.0,64480.29,0.583861105044771,BUY,46,18,True,3,3
BTC/USDT,1784383200.0,586,58.64,0.3439,64126.0,64512.41,0.602579297009019,BUY,45,38,True,3,3
BTC/USDT,1784386800.0,587,58.47,0.3088,64123.12,64552.79,0.6700703272080307,BUY,45,72,True,3,2
BTC/USDT,1784390400.0,588,65.13,0.3007,64303.47,64693.01,0.6057837936273126,BUY,45,18,True,3,3
BTC/USDT,1784394000.0,589,70.18,0.3136,64480.29,64731.72,0.3899331097921555,HOLD,45,38,True,3,3
BTC/USDT,1784397600.0,590,71.0,0.3189,64512.41,64805.05,0.45361814881818774,HOLD,45,48,True,3,2
BTC/USDT,1784401200.0,591,72.04,0.3341,64552.79,64834.22,0.4359687629303092,HOLD,45,48,True,3,2
BTC/USDT,1784404800.0,592,75.35,0.3604,64693.01,64792.08,0.15313864666368082,HOLD,45,48,True,3,2
BTC/USDT,1784408400.0,593,76.19,0.3968,64731.72,64765.99,0.05294158721565995,HOLD,45,63,True,3,1
BTC/USDT,1784412000.0,594,77.74,0.4252,64805.05,64826.01,0.03234315844212623,HOLD,45,63,True,3,1
BTC/USDT,1784415600.0,595,78.34,0.4977,64834.22,64706.18,-0.1974883017024048,HOLD,45,45,True,3,0
BTC/USDT,1784419200.0,596,75.18,0.5736,64792.08,64720.17,-0.11098578715176839,HOLD,45,72,True,3,2
BTC/USDT,1784422800.0,597,73.2,0.6421,64765.99,64724.01,-0.06481797004878012,HOLD,45,78,True,3,3
BTC/USDT,1784426400.0,598,74.84,0.6866,64826.01,64711.69,-0.17634896856986834,HOLD,45,72,True,3,2
BTC/USDT,1784430000.0,599,66.16,0.6906,64706.18,64711.05,0.0075263290152542146,BUY,50,40,False,3,3
BTC/USDT,1784433600.0,600,66.65,0.6846,64720.17,64707.49,-0.019592037536366624,BUY,50,25,False,3,2
BTC/USDT,1784437200.0,601,66.79,0.6699,64724.01,64509.99,-0.3306655443629096,BUY,50,33,False,3,1
BTC/USDT,1784440800.0,602,65.83,0.631,64711.69,64595.0,-0.18032290610862167,BUY,49,50,False,3,2
BTC/USDT,1784444400.0,603,65.77,0.5883,64711.05,64467.64,-0.37614905027812634,BUY,49,50,False,3,2
BTC/USDT,1784448000.0,604,65.46,0.5346,64707.49,64441.15,-0.41160613709478844,BUY,48,49,False,3,2
BTC/USDT,1784451600.0,605,50.87,0.4587,64509.99,64483.31,-0.04135793541434481,BUY,47,19,False,3,3
BTC/USDT,1784455200.0,606,55.47,0.3955,64595.0,64593.07,-0.0029878473566069988,BUY,46,38,False,3,3
BTC/USDT,1784458800.0,607,48.19,0.3233,64467.64,64585.32,0.18254119431082058,BUY,45,18,False,3,3
BTC/USDT,1784462400.0,608,46.81,0.2397,64441.15,64538.72,0.15140946429416563,BUY,44,38,False,3,3
BTC/USDT,1784466000.0,609,49.3,0.1802,64483.31,64547.86,0.10010342211031492,BUY,43,17,False,3,3
BTC/USDT,1784469600.0,610,55.16,0.1301,64593.07,64419.99,-0.267954441552324,BUY,42,17,False,3,3
BTC/USDT,1784473200.0,611,54.68,0.0777,64585.32,64462.58,-0.19004318628443423,BUY,41,16,False,3,3
BTC/USDT,1784476800.0,612,51.76,0.0239,64538.72,64535.99,-0.004230018816616136,BUY,40,36,False,3,3
BTC/USDT,1784480400.0,613,52.3,-0.026,64547.86,64415.75,-0.20466983723395413,SELL,40,36,False,3,3
BTC/USDT,1784484000.0,614,44.77,-0.081,64419.99,64674.67,0.39534312253075526,SELL,41,16,False,3,3
BTC/USDT,1784487600.0,615,47.48,-0.1067,64462.58,64722.54,0.4032727203906501,SELL,42,57,False,3,3
BTC/USDT,1784491200.0,616,51.87,-0.137,64535.99,64553.84,0.027658985319662013,SELL,42,37,False,3,3
BTC/USDT,1784494800.0,617,45.21,-0.1601,64415.75,64628.01,0.32951568521673974,SELL,42,17,False,3,3
BTC/USDT,1784498400.0,618,57.78,-0.1431,64674.67,64827.2,0.23584194554065577,SELL,42,37,False,3,3
BTC/USDT,1784502000.0,619,59.62,-0.1185,64722.54,64869.8,0.22752506313874896,SELL,42,17,False,3,3
BTC/USDT,1784505600.0,620,51.14,-0.1267,64553.84,64540.01,-0.021423977256805282,SELL,42,17,False,3,3
BTC/USDT,1784509200.0,621,54.23,-0.124,64628.01,64128.0,-0.7736738296599291,SELL,42,37,True,3,3
BTC/USDT,1784512800.0,622,61.29,-0.0863,64827.2,63917.98,-1.4025285682552908,SELL,41,20,True,3,2
BTC/USDT,1784516400.0,623,62.62,-0.0436,64869.8,64280.01,-0.9091904090963758,SELL,41,20,True,3,2
BTC/USDT,1784520000.0,624,48.69,-0.0114,64540.01,64049.99,-0.7592499598311251,SELL,40,16,True,3,3
BTC/USDT,1784523600.0,625,37.47,-0.0267,64128.0,64199.5,0.11149575848303393,SELL,40,36,False,3,3
BTC/USDT,1784527200.0,626,33.26,-0.0773,63917.98,64301.18,0.5995183201972232,SELL,41,56,False,3,3
BTC/USDT,1784530800.0,627,44.77,-0.0733,64280.01,65002.01,1.123210777347421,SELL,41,16,False,3,3
BTC/USDT,1784534400.0,628,40.05,-0.13,64049.99,64640.0,0.9211711040079821,SELL,42,37,False,3,3
BTC/USDT,1784538000.0,629,44.17,-0.1849,64199.5,64344.01,0.22509521102189586,SELL,43,37,False,3,3
BTC/USDT,1784541600.0,630,46.85,-0.2025,64301.18,64416.01,0.17858148170842547,SELL,43,17,False,3,3
BTC/USDT,1784545200.0,631,60.81,-0.1588,65002.01,65598.75,0.9180331500518182,SELL,42,17,False,3,3
BTC/USDT,1784548800.0,632,53.06,-0.1842,64640.0,65508.5,1.343595297029703,SELL,43,37,False,3,3
BTC/USDT,1784552400.0,633,47.7,-0.2467,64344.01,65587.98,1.9333112748179573,SELL,44,18,False,3,3
BTC/USDT,1784556000.0,634,49.05,-0.2509,64416.01,65240.01,1.279185096996849,SELL,44,18,False,3,3
BTC/USDT,1784559600.0,635,65.0,-0.0791,65598.75,65142.0,-0.6962785114045619,SELL,41,56,True,3,3
BTC/USDT,1784563200.0,636,63.37,0.1201,65508.5,65367.58,-0.21511712220551263,BUY,42,17,False,3,3
BTC/USDT,1784566800.0,637,64.22,0.2647,65587.98,65286.02,-0.46038923595451353,BUY,44,38,False,3,3
BTC/USDT,1784570400.0,638,57.88,0.4076,65240.01,65141.99,-0.15024522528430648,BUY,46,38,False,3,3
BTC/USDT,1784574000.0,639,56.2,0.5193,65142.0,65255.51,0.1742500997820178,BUY,48,19,False,3,3
BTC/USDT,1784577600.0,640,59.14,0.644,65367.58,65568.01,0.3066198871061052,BUY,50,20,False,3,3
BTC/USDT,1784581200.0,641,57.63,0.6516,65286.02,65235.55,-0.07730598373127032,BUY,50,40,False,3,3
BTC/USDT,1784584800.0,642,54.97,0.6979,65141.99,65414.01,0.4175801199809893,BUY,50,40,False,3,3
BTC/USDT,1784588400.0,643,56.67,0.802,65255.51,65566.78,0.47700186543633905,BUY,52,41,False,3,3
BTC/USDT,1784592000.0,644,61.03,0.9203,65568.01,65522.01,-0.07015616304352187,BUY,54,22,False,3,3
BTC/USDT,1784595600.0,645,54.72,0.8241,65235.55,65751.56,0.7909950939326713,BUY,52,51,True,3,2
BTC/USDT,1784599200.0,646,57.27,0.764,65414.01,65913.0,0.7628182403127373,BUY,51,26,True,3,2
BTC/USDT,1784602800.0,647,59.39,0.7012,65566.78,66186.86,0.9457228187810989,BUY,51,60,True,3,3
BTC/USDT,1784606400.0,648,58.47,0.7008,65522.01,66226.44,1.0751043809553467,BUY,51,50,True,3,2
BTC/USDT,1784610000.0,649,61.72,0.7415,65751.56,66291.99,0.8219272668207531,BUY,51,40,True,3,3
BTC/USDT,1784613600.0,650,63.86,0.7552,65913.0,66180.0,0.4050794228756088,BUY,51,40,False,3,3
BTC/USDT,1784617200.0,651,67.21,0.8132,66186.86,66345.59,0.2398210158330459,BUY,52,41,False,3,3
BTC/USDT,1784620800.0,652,67.68,0.9076,66226.44,66558.82,0.5018841417415834,BUY,54,77,True,3,2
BTC/USDT,1784624400.0,653,68.48,0.9933,66291.99,66786.0,0.7452031535031528,BUY,55,52,True,3,2
BTC/USDT,1784628000.0,654,65.5,1.0025,66180.0,66842.3,1.0007555152614127,BUY,55,62,True,3,3
BTC/USDT,1784631600.0,655,67.73,1.0582,66345.59,66676.54,0.49882742771599,BUY,56,37,False,3,1
BTC/USDT,1784635200.0,656,70.4,1.0973,66558.82,66542.01,-0.025255856398914856,HOLD,45,38,True,3,3
BTC/USDT,1784638800.0,657,72.96,1.1545,66786.0,66207.95,-0.8655257089809285,HOLD,45,18,False,3,3
BTC/USDT,1784642400.0,658,73.57,1.2123,66842.3,66319.95,-0.7814662272243861,HOLD,45,22,False,3,2
BTC/USDT,1784646000.0,659,68.66,1.226,66676.54,66444.76,-0.3476185176975273,BUY,58,43,False,3,3
BTC/USDT,1784649600.0,660,64.87,1.2066,66542.01,66406.57,-0.20354059037289043,BUY,58,43,False,3,3
BTC/USDT,1784653200.0,661,56.54,1.1479,66207.95,66385.0,0.267415015870455,BUY,57,43,False,3,3
BTC/USDT,1784656800.0,662,58.46,1.076,66319.95,66304.02,-0.02401992160728863,BUY,56,62,False,3,3
BTC/USDT,1784660400.0,663,60.56,0.9917,66444.76,66556.16,0.16765806664063312,BUY,55,22,False,3,3
BTC/USDT,1784664000.0,664,59.57,0.9244,66406.57,66620.97,0.32285962066704266,BUY,54,22,False,3,3
BTC/USDT,1784667600.0,665,58.98,0.8903,66385.0,66433.3,0.07275740001506803,BUY,53,26,False,3,2
BTC/USDT,1784671200.0,666,56.72,0.8111,66304.02,66314.12,0.015232862200498956,BUY,52,41,False,3,3
BTC/USDT,1784674800.0,667,61.65,0.7269,66556.16,66210.0,-0.5201021212762327,BUY,51,60,False,3,3
BTC/USDT,1784678400.0,668,62.82,0.6232,66620.97,66381.05,-0.36012684894860925,BUY,49,20,False,3,3
BTC/USDT,1784682000.0,669,57.36,0.5208,66433.3,65974.9,-0.6900153989038761,BUY,48,19,False,3,3
BTC/USDT,1784685600.0,670,54.13,0.4384,66314.12,65934.33,-0.5727136241874183,BUY,47,19,False,3,3
BTC/USDT,1784689200.0,671,51.42,0.3919,66210.0,65843.48,-0.5535719679806738,BUY,46,18,False,3,3
BTC/USDT,1784692800.0,672,55.38,0.3385,66381.05,65987.96,-0.5921720129464606,BUY,45,18,False,3,3
BTC/USDT,1784696400.0,673,45.82,0.2312,65974.9,65928.0,-0.07108764090585083,BUY,43,37,False,3,3
BTC/USDT,1784700000.0,674,44.99,0.1414,65934.33,66046.02,0.16939582156973815,BUY,42,17,False,3,3
BTC/USDT,1784703600.0,675,43.09,0.029,65843.48,66013.36,0.2580058040674713,BUY,40,16,False,3,3
BTC/USDT,1784707200.0,676,46.92,-0.0476,65987.96,65636.01,-0.5333548726161736,SELL,41,16,True,3,3
BTC/USDT,1784710800.0,677,45.55,-0.1605,65928.0,65951.39,0.03547809731828573,SELL,42,17,False,3,3
BTC/USDT,1784714400.0,678,48.72,-0.2736,66046.02,65793.98,-0.38161269975088297,SELL,44,18,False,3,3
BTC/USDT,1784718000.0,679,47.89,-0.35,66013.36,66047.39,0.05155017105628139,SELL,45,22,False,3,2
BTC/USDT,1784721600.0,680,39.5,-0.4385,65636.01,66229.01,0.9034674715906712,SELL,47,59,False,3,3
BTC/USDT,1784725200.0,681,47.74,-0.4657,65951.39,66024.03,0.11014172711143681,SELL,47,39,False,3,3
BTC/USDT,1784728800.0,682,44.49,-0.5326,65793.98,65895.46,0.15423903524305793,SELL,48,39,False,3,3
BTC/USDT,1784732400.0,683,50.36,-0.5094,66047.39,65923.19,-0.18804679488469883,SELL,48,19,False,3,3
BTC/USDT,1784736000.0,684,54.1,-0.4674,66229.01,65919.68,-0.4670611866310575,SELL,47,19,False,3,3
BTC/USDT,1784739600.0,685,49.56,-0.4241,66024.03,66072.47,0.07336722705354752,SELL,46,23,False,3,2
BTC/USDT,1784743200.0,686,46.9,-0.4048,65895.46,66044.17,0.22567563835200763,SELL,46,38,False,3,3
BTC/USDT,1784746800.0,687,47.55,-0.3622,65923.19,66114.49,0.29018620003067647,SELL,45,22,False,3,2
BTC/USDT,1784750400.0,688,47.47,-0.335,65919.68,66058.19,0.21011934523955414,SELL,45,22,False,3,2
BTC/USDT,1784754000.0,689,51.3,-0.2957,66072.47,65830.0,-0.36697583728896643,SELL,44,18,False,3,3
BTC/USDT,1784757600.0,690,50.56,-0.209,66044.17,65805.34,-0.3616216238314476,SELL,43,37,False,3,3
BTC/USDT,1784761200.0,691,52.39,-0.1796,66114.49,65662.53,-0.6836020364068548,SELL,43,37,True,3,3
BTC/USDT,1784764800.0,692,50.77,-0.1265,66058.19,65616.48,-0.6686680334414346,SELL,42,17,True,3,3
BTC/USDT,1784768400.0,693,44.75,-0.1284,65830.0,65691.01,-0.21113474099955223,SELL,42,17,False,3,3
BTC/USDT,1784772000.0,694,44.14,-0.1623,65805.34,65790.0,-0.023311178089797133,SELL,42,21,False,3,2
BTC/USDT,1784775600.0,695,40.68,-0.1806,65662.53,65442.13,-0.33565566236939315,SELL,43,57,False,3,3
BTC/USDT,1784779200.0,696,39.6,-0.1882,65616.48,65633.0,0.02517660197560746,SELL,43,37,False,3,3
BTC/USDT,1784782800.0,697,42.27,-0.1798,65691.01,65638.92,-0.07929547741768092,SELL,43,46,False,3,2
BTC/USDT,1784786400.0,698,45.69,-0.1575,65790.0,65740.0,-0.07599939200486397,SELL,42,17,False,3,3
BTC/USDT,1784790000.0,699,37.31,-0.2031,65442.13,65555.21,0.17279388675156054,SELL,43,22,False,3,2
BTC/USDT,1784793600.0,700,43.44,-0.2311,65633.0,65167.04,-0.709947739704111,SELL,43,17,True,3,3
BTC/USDT,1784797200.0,701,43.63,-0.2744,65638.92,64880.0,-1.1562042763653002,SELL,44,22,True,3,2
BTC/USDT,1784800800.0,702,46.81,-0.2904,65740.0,64909.99,-1.2625646486157622,SELL,44,18,True,3,3
BTC/USDT,1784804400.0,703,42.13,-0.3109,65555.21,64958.36,-0.9104539517149068,SELL,45,38,True,3,3
BTC/USDT,1784808000.0,704,34.35,-0.3691,65167.04,64756.84,-0.6294593094914306,SELL,46,38,True,3,3
BTC/USDT,1784811600.0,705,29.95,-0.4394,64880.0,64681.27,-0.3063039457459975,HOLD,45,38,True,3,3
BTC/USDT,1784815200.0,706,30.94,-0.4925,64909.99,64869.12,-0.06296411384441031,SELL,47,48,False,3,2
BTC/USDT,1784818800.0,707,32.61,-0.555,64958.36,64846.94,-0.1715252663398495,SELL,48,59,False,3,3
BTC/USDT,1784822400.0,708,29.43,-0.6472,64756.84,65147.5,0.603272179433097,HOLD,45,58,False,3,3
BTC/USDT,1784826000.0,709,28.31,-0.6959,64681.27,65169.81,0.7553036605496474,HOLD,45,48,False,3,2
BTC/USDT,1784829600.0,710,34.92,-0.7736,64869.12,65195.43,0.503028251346708,SELL,52,41,False,3,3
BTC/USDT,1784833200.0,711,34.51,-0.8387,64846.94,65098.97,0.38865365119772627,SELL,53,52,False,3,2
BTC/USDT,1784836800.0,712,43.98,-0.8965,65147.5,64973.99,-0.2663340880310097,SELL,53,41,False,3,3
BTC/USDT,1784840400.0,713,44.62,-0.911,65169.81,65086.0,-0.12860249247312164,SELL,54,27,False,3,2
BTC/USDT,1784844000.0,714,45.39,-0.8546,65195.43,65116.99,-0.12031518160092253,SELL,53,52,False,3,2
BTC/USDT,1784847600.0,715,42.96,-0.7744,65098.97,65456.7,0.5495171428979536,SELL,52,21,False,3,3
BTC/USDT,1784851200.0,716,39.98,-0.7181,64973.99,65318.0,0.5294580185086402,SELL,51,20,False,3,3
BTC/USDT,1784854800.0,717,43.75,-0.6562,65086.0,65325.0,0.36720646529207507,SELL,50,20,False,3,3
BTC/USDT,1784858400.0,718,44.78,-0.5605,65116.99,65472.0,0.5451879762869906,SELL,48,19,False,3,3
BTC/USDT,1784862000.0,719,54.62,-0.4106,65456.7,65499.95,0.06607421394601316,SELL,46,18,False,3,3
BTC/USDT,1784865600.0,720,50.65,-0.305,65318.0,65302.18,-0.024219969992957086,SELL,45,18,False,3,3
BTC/USDT,1784869200.0,721,50.85,-0.1917,65325.0,65113.13,-0.3243321852277116,SELL,43,57,False,3,3
BTC/USDT,1784872800.0,722,54.86,-0.1121,65472.0,64950.0,-0.7972873900293255,SELL,42,57,True,3,3
BTC/USDT,1784876400.0,723,55.6,-0.0447,65499.95,65083.43,-0.6359088823731878,SELL,41,46,True,3,2
BTC/USDT,1784880000.0,724,49.41,-0.0027,65302.18,64780.01,-0.7996210846253498,SELL,40,36,True,3,3
BTC/USDT,1784883600.0,725,44.33,0.0276,65113.13,64155.46,-1.470778627904999,BUY,40,16,False,3,3
BTC/USDT,1784887200.0,726,40.46,0.058,64950.0,64055.12,-1.3777983063895263,BUY,41,56,False,3,3
BTC/USDT,1784890800.0,727,44.71,0.0887,65083.43,64093.85,-1.5204791757287557,BUY,41,20,False,3,2
BTC/USDT,1784894400.0,728,38.06,0.0887,64780.01,63958.0,-1.2689253984369593,BUY,41,56,False,3,3
BTC/USDT,1784898000.0,729,28.62,-0.0452,64155.46,64180.0,0.03825083632788366,HOLD,45,38,True,3,3
BTC/USDT,1784901600.0,730,27.44,-0.1585,64055.12,64272.0,0.3385833950510082,HOLD,45,48,True,3,2
BTC/USDT,1784905200.0,731,28.66,-0.2688,64093.85,64225.32,0.20512108416018254,HOLD,45,22,True,3,2
BTC/USDT,1784908800.0,732,26.95,-0.4106,63958.0,64170.23,0.3318271365583714,HOLD,45,38,True,3,3
BTC/USDT,1784912400.0,733,33.9,-0.5436,64180.0,64155.0,-0.0389529448426301,SELL,48,59,False,3,3
BTC/USDT,1784916000.0,734,36.59,-0.6566,64272.0,64169.01,-0.16024085138162492,SELL,50,80,False,3,3
BTC/USDT,1784919600.0,735,35.79,-0.7601,64225.32,64139.99,-0.1328603734477333,SELL,51,20,False,3,3
BTC/USDT,1784923200.0,736,34.83,-0.8426,64170.23,64073.61,-0.1505682619495093,SELL,53,41,False,3,3
BTC/USDT,1784926800.0,737,34.55,-0.9449,64155.0,64068.01,-0.1355934845296516,SELL,54,42,False,3,3
BTC/USDT,1784930400.0,738,35.06,-1.0092,64169.01,64052.0,-0.18234658755059807,SELL,55,28,False,3,2
BTC/USDT,1784934000.0,739,34.46,-0.984,64139.99,64085.36,-0.08517307221282289,SELL,55,37,False,3,1
BTC/USDT,1784937600.0,740,33.07,-0.9406,64073.61,64181.46,0.16832202836705867,SELL,54,36,False,3,1
BTC/USDT,1784941200.0,741,32.95,-0.9049,64068.01,64024.0,-0.06869262834915901,SELL,54,52,False,3,2
BTC/USDT,1784944800.0,742,32.58,-0.8344,64052.0,64010.0,-0.06557172297508274,SELL,53,52,False,3,2
BTC/USDT,1784948400.0,743,34.23,-0.7936,64085.36,64003.2,-0.12820400790446287,SELL,52,21,False,3,3
BTC/USDT,1784952000.0,744,38.86,-0.7557,64181.46,63876.06,-0.4758383495794603,SELL,51,20,False,3,3
BTC/USDT,1784955600.0,745,34.56,-0.7318,64024.0,63999.99,-0.03750156191428533,SELL,51,26,False,3,2
BTC/USDT,1784959200.0,746,34.2,-0.7073,64010.0,64070.0,0.0937353538509608,SELL,51,50,False,3,2
BTC/USDT,1784962800.0,747,34.01,-0.6752,64003.2,64064.01,0.09501087445628492,SELL,50,67,False,3,1
BTC/USDT,1784966400.0,748,30.65,-0.6569,63876.06,64123.8,0.3878448357647689,SELL,50,20,False,3,3
BTC/USDT,1784970000.0,749,37.17,-0.6038,63999.99,64172.0,0.26876566699463866,SELL,49,60,False,3,3
BTC/USDT,1784973600.0,750,40.57,-0.5401,64070.0,64214.04,0.2248166068362742,SELL,48,39,False,3,3
BTC/USDT,1784977200.0,751,40.37,-0.4758,64064.01,64182.0,0.18417517105157474,SELL,47,39,False,3,3
BTC/USDT,1784980800.0,752,43.39,-0.3951,64123.8,64206.6,0.12912522339598656,SELL,46,58,False,3,3
BTC/USDT,1784984400.0,753,45.77,-0.313,64172.0,64267.4,0.1486629682727692,SELL,45,38,False,3,3
BTC/USDT,1784988000.0,754,47.84,-0.2516,64214.04,64415.99,0.31449508549843164,SELL,44,18,False,3,3
BTC/USDT,1784991600.0,755,46.39,-0.1787,64182.0,64388.38,0.3215543298744155,SELL,43,17,False,3,3
BTC/USDT,1784995200.0,756,47.7,-0.1095,64206.6,64339.75,0.20737743471855147,SELL,42,57,False,3,3
BTC/USDT,1784998800.0,757,50.89,-0.026,64267.4,64344.02,0.11922063129984307,SELL,40,36,False,3,3
BTC/USDT,1785002400.0,758,57.69,0.0771,64415.99,64412.0,-0.00619411422536231,BUY,41,16,False,3,3
BTC/USDT,1785006000.0,759,56.13,0.1256,64388.38,64375.0,-0.020780146976826223,BUY,42,17,False,3,3
BTC/USDT,1785009600.0,760,53.4,0.1528,64339.75,64506.99,0.2599326233005226,BUY,42,37,False,3,3
BTC/USDT,1785013200.0,761,53.62,0.1835,64344.02,64462.0,0.18335814268366074,BUY,43,46,False,3,2
BTC/USDT,1785016800.0,762,56.99,0.2048,64412.0,64527.56,0.17940756380798248,BUY,43,17,False,3,3
BTC/USDT,1785020400.0,763,54.66,0.2262,64375.0,64557.0,0.28271844660194173,BUY,43,46,False,3,2
BTC/USDT,1785024000.0,764,60.82,0.2597,64506.99,64530.06,0.03576356608795374,BUY,44,38,False,3,3
BTC/USDT,1785027600.0,765,57.93,0.291,64462.0,64417.69,-0.06873817132573869,BUY,44,58,False,3,3
BTC/USDT,1785031200.0,766,60.85,0.3223,64527.56,64438.0,-0.1387934085838635,BUY,45,22,False,3,2
BTC/USDT,1785034800.0,767,62.12,0.3465,64557.0,64370.0,-0.28966649627461005,BUY,45,38,False,3,3
BTC/USDT,1785038400.0,768,60.19,0.3455,64530.06,64480.01,-0.07756075230674764,BUY,45,48,False,3,2
BTC/USDT,1785042000.0,769,52.84,0.3356,64417.69,64538.0,0.1867654676844166,BUY,45,18,False,3,3
BTC/USDT,1785045600.0,770,53.93,0.3319,64438.0,64515.4,0.1201154598218465,BUY,45,18,False,3,3
BTC/USDT,1785049200.0,771,49.77,0.3202,64370.0,64507.35,0.21337579617834168,BUY,45,18,False,3,3
BTC/USDT,1785052800.0,772,55.73,0.3085,64480.01,64466.67,-0.020688582399419266,BUY,45,18,False,3,3
BTC/USDT,1785056400.0,773,58.52,0.3103,64538.0,64518.0,-0.030989494561343707,BUY,45,78,False,3,3
BTC/USDT,1785060000.0,774,57.01,0.2943,64515.4,64712.99,0.30626796082795193,BUY,44,38,False,3,3
BTC/USDT,1785063600.0,775,56.45,0.2762,64507.35,64768.0,0.4040624828023496,BUY,44,22,False,3,2
BTC/USDT,1785067200.0,776,53.59,0.243,64466.67,64734.17,0.4149431016058375,BUY,44,18,False,3,3
BTC/USDT,1785070800.0,777,56.58,0.2102,64518.0,64697.2,0.27775194519358487,BUY,43,17,False,3,3
BTC/USDT,1785074400.0,778,65.63,0.1952,64712.99,64734.38,0.033053641934949106,BUY,43,37,False,3,3
BTC/USDT,1785078000.0,779,67.68,0.2098,64768.0,64695.52,-0.11190711462451088,BUY,43,37,False,3,3
BTC/USDT,1785081600.0,780,65.11,0.2213,64734.17,64649.04,-0.13150705415702,BUY,43,22,False,3,2
BTC/USDT,1785085200.0,781,62.33,0.2393,64697.2,64858.02,0.24857335402459413,BUY,44,38,False,3,3
BTC/USDT,1785088800.0,782,64.0,0.2471,64734.38,65412.68,1.0478203390532248,BUY,44,22,True,3,2
BTC/USDT,1785092400.0,783,60.96,0.2444,64695.52,65399.99,1.0889007461413112,BUY,44,38,True,3,3
BTC/USDT,1785096000.0,784,57.45,0.2426,64649.04,65131.95,0.7469716487669363,BUY,44,18,True,3,3
BTC/USDT,1785099600.0,785,66.73,0.2619,64858.02,65206.21,0.5368495677173036,BUY,44,38,True,3,3
BTC/USDT,1785103200.0,786,79.5,0.346,65412.68,65172.0,-0.3679408946399999,HOLD,45,78,True,3,3
BTC/USDT,1785106800.0,787,78.76,0.4239,65399.99,65284.0,-0.1773547671796249,HOLD,45,72,True,3,2
BTC/USDT,1785110400.0,788,64.92,0.4516,65131.95,65282.8,0.2316067613513887,BUY,47,39,False,3,3
BTC/USDT,1785114000.0,789,66.67,0.4771,65206.21,65468.38,0.4020629323495389,BUY,47,39,False,3,3
BTC/USDT,1785117600.0,790,65.06,0.5017,65172.0,65416.76,0.37556005646597007,BUY,48,59,False,3,3
BTC/USDT,1785121200.0,791,67.8,0.5437,65284.0,65221.99,-0.09498498866491335,BUY,48,39,False,3,3
BTC/USDT,1785124800.0,792,67.74,0.5833,65282.8,65162.98,-0.1835399216945347,BUY,49,24,False,3,2
BTC/USDT,1785128400.0,793,71.96,0.6461,65468.38,65262.17,-0.3149764817763921,HOLD,45,78,True,3,3
BTC/USDT,1785132000.0,794,69.24,0.7174,65416.76,65333.35,-0.12750555056533447,BUY,51,40,False,3,3
BTC/USDT,1785135600.0,795,60.04,0.7342,65221.99,65100.79,-0.1858268967260844,BUY,51,60,False,3,3
BTC/USDT,1785139200.0,796,57.55,0.6628,65162.98,65086.0,-0.1181345604513532,BUY,50,40,False,3,3
BTC/USDT,1785142800.0,797,60.52,0.6051,65262.17,65217.37,-0.06864620039449444,BUY,49,20,False,3,3
BTC/USDT,1785146400.0,798,62.54,0.5946,65333.35,64687.45,-0.9886221967800541,BUY,49,20,False,3,3
BTC/USDT,1785150000.0,799,52.98,0.5431,65100.79,64554.01,-0.8398976417951285,BUY,48,39,False,3,3
BTC/USDT,1785153600.0,800,52.43,0.4964,65086.0,64898.52,-0.2880496573763992,BUY,47,48,False,3,2
BTC/USDT,1785157200.0,801,56.72,0.4425,65217.37,65019.81,-0.3029254322889821,BUY,47,39,False,3,3
BTC/USDT,1785160800.0,802,40.76,0.3401,64687.45,64878.0,0.2945702759963531,BUY,45,18,False,3,3
BTC/USDT,1785164400.0,803,37.87,0.1986,64554.01,64984.0,0.6660933999297611,BUY,43,37,True,3,3
BTC/USDT,1785168000.0,804,48.1,0.0992,64898.52,64960.65,0.09573407837344312,BUY,41,56,False,3,3
BTC/USDT,1785171600.0,805,51.15,0.0417,65019.81,64821.25,-0.305383851475416,BUY,41,36,False,3,3
BTC/USDT,1785175200.0,806,47.63,-0.0232,64878.0,63792.0,-1.6739110330158142,SELL,40,36,True,3,3
BTC/USDT,1785178800.0,807,50.38,-0.0898,64984.0,63755.86,-1.8899113627969952,SELL,41,36,True,3,3
BTC/USDT,1785182400.0,808,49.76,-0.1598,64960.65,63487.88,-2.2671725113588055,SELL,42,37,True,3,3
BTC/USDT,1785186000.0,809,46.11,-0.2055,64821.25,63230.83,-2.453547254951113,SELL,43,37,True,3,3
BTC/USDT,1785189600.0,810,29.12,-0.3563,63792.0,63185.59,-0.950605091547535,HOLD,45,58,False,3,3
BTC/USDT,1785193200.0,811,28.72,-0.5331,63755.86,63343.83,-0.6462621631956637,HOLD,45,58,False,3,3
BTC/USDT,1785196800.0,812,25.88,-0.6542,63487.88,63350.95,-0.21567896108674647,HOLD,45,58,True,3,3
BTC/USDT,1785200400.0,813,23.48,-0.7834,63230.83,63451.61,0.3491651145493406,HOLD,45,72,True,3,2
BTC/USDT,1785204000.0,814,23.08,-0.9729,63185.59,63640.63,0.7201642019960578,HOLD,45,48,False,3,2
BTC/USDT,1785207600.0,815,27.77,-1.1544,63343.83,63505.99,0.25599967668515816,HOLD,45,58,True,3,3
BTC/USDT,1785211200.0,816,27.99,-1.2854,63350.95,63428.08,0.12175034470675603,HOLD,45,22,True,3,2
BTC/USDT,1785214800.0,817,31.08,-1.4233,63451.61,63393.99,-0.0908093585017033,SELL,61,24,False,3,3
BTC/USDT,1785218400.0,818,36.59,-1.5517,63640.63,63473.47,-0.2626623903628802,SELL,63,25,False,3,3
BTC/USDT,1785222000.0,819,34.48,-1.669,63505.99,63450.0,-0.0881649116878549,SELL,65,43,False,3,1
BTC/USDT,1785225600.0,820,33.28,-1.6368,63428.08,63546.65,0.1869361330186878,SELL,65,43,False,3,1
BTC/USDT,1785229200.0,821,32.74,-1.5968,63393.99,63104.0,-0.45744083942341845,SELL,64,43,False,3,1
BTC/USDT,1785232800.0,822,35.36,-1.5069,63473.47,63412.45,-0.09613465279274014,SELL,63,32,False,3,2
BTC/USDT,1785236400.0,823,34.93,-1.3697,63450.0,63928.47,0.7540898345153683,SELL,61,30,False,3,2
BTC/USDT,1785240000.0,824,38.27,-1.2178,63546.65,64043.26,0.7814888747085811,SELL,58,23,False,3,3
BTC/USDT,1785243600.0,825,30.53,-1.1465,63104.0,63685.88,0.9220968559837686,SELL,57,43,False,3,3
BTC/USDT,1785247200.0,826,39.68,-1.0469,63412.45,63734.49,0.507849799211355,SELL,56,42,False,3,3
BTC/USDT,1785250800.0,827,51.26,-0.9039,63928.47,63904.0,-0.03827715570230472,SELL,54,62,False,3,3
BTC/USDT,1785254400.0,828,53.4,-0.7744,64043.26,63917.55,-0.1962891957717317,SELL,52,61,False,3,3
BTC/USDT,1785258000.0,829,46.54,-0.6731,63685.88,63972.44,0.4499584523288443,SELL,50,20,False,3,3
BTC/USDT,1785261600.0,830,47.53,-0.5552,63734.49,63783.71,0.07722663192252918,SELL,48,19,False,3,3
BTC/USDT,1785265200.0,831,50.93,-0.4073,63904.0,63915.0,0.017213319979969957,SELL,46,18,False,3,3
BTC/USDT,1785268800.0,832,51.2,-0.2977,63917.55,63953.99,0.057010946132940096,SELL,44,18,False,3,3
BTC/USDT,1785272400.0,833,52.36,-0.1856,63972.44,63705.06,-0.4179612345566382,SELL,43,57,False,3,3
BTC/USDT,1785276000.0,834,48.14,-0.0903,63783.71,63979.96,0.3076804406642386,SELL,41,16,False,3,3
BTC/USDT,1785279600.0,835,51.09,0.0946,63915.0,63753.03,-0.2534146913870002,BUY,41,36,False,3,3
BTC/USDT,1785283200.0,836,51.96,0.2279,63953.99,63968.34,0.022438005822621145,BUY,43,17,False,3,3
BTC/USDT,1785286800.0,837,46.28,0.2599,63705.06,64067.32,0.5686518464938296,BUY,44,38,True,3,3
BTC/USDT,1785290400.0,838,52.46,0.3014,63979.96,64435.62,0.7121917550433035,BUY,45,18,True,3,3
BTC/USDT,1785294000.0,839,47.59,0.3681,63753.03,64561.0,1.2673436854687554,BUY,46,18,True,3,3
BTC/USDT,1785297600.0,840,52.13,0.3956,63968.34,64417.31,0.7018628277676131,BUY,46,18,True,3,3
BTC/USDT,1785301200.0,841,54.1,0.4049,64067.32,64698.0,0.9844020321124721,BUY,46,18,True,3,3
BTC/USDT,1785304800.0,842,60.6,0.4364,64435.62,64469.83,0.05309175266723456,BUY,47,19,False,3,3
BTC/USDT,1785308400.0,843,62.54,0.4589,64561.0,64507.54,-0.08280540883815171,BUY,47,39,False,3,3
BTC/USDT,1785312000.0,844,58.95,0.4936,64417.31,64276.81,-0.2181090765820554,BUY,47,19,False,3,3
BTC/USDT,1785315600.0,845,63.37,0.5452,64698.0,64664.7,-0.05146990633404883,BUY,48,39,False,3,3
BTC/USDT,1785319200.0,846,57.91,0.5673,64469.83,64108.01,-0.5612237538085639,BUY,49,20,False,3,3
BTC/USDT,1785322800.0,847,58.55,0.6375,64507.54,63964.01,-0.8425836731644065,BUY,50,20,False,3,3
BTC/USDT,1785326400.0,848,53.25,0.6506,64276.81,63808.33,-0.7288476201603594,BUY,50,20,False,3,3
BTC/USDT,1785330000.0,849,59.83,0.7323,64664.7,64269.83,-0.6106422824199221,BUY,51,40,False,3,3
BTC/USDT,1785333600.0,850,49.14,0.7185,64108.01,64501.52,0.6138234520148025,BUY,51,20,True,3,3
BTC/USDT,1785337200.0,851,46.81,0.6724,63964.01,63589.46,-0.5855636630661569,BUY,50,20,False,3,3
BTC/USDT,1785340800.0,852,44.36,0.5568,63808.33,63522.01,-0.4487188428219321,BUY,48,19,False,3,3
BTC/USDT,1785344400.0,853,52.32,0.4684,64269.83,63860.0,-0.6376708947261907,BUY,47,19,False,3,3
BTC/USDT,1785348000.0,854,55.75,0.4317,64501.52,63942.5,-0.866677250396575,BUY,46,18,False,3,3
BTC/USDT,1785351600.0,855,42.73,0.2333,63589.46,63984.28,0.6208890592874978,BUY,43,37,True,3,3
BTC/USDT,1785355200.0,856,41.95,0.0796,63522.01,63696.72,0.27503852601641404,BUY,41,56,False,3,3
BTC/USDT,1785358800.0,857,47.16,-0.0179,63860.0,64266.0,0.6357657375508926,SELL,40,56,False,3,3
BTC/USDT,1785362400.0,858,48.38,-0.0648,63942.5,64189.99,0.38705086601242983,SELL,41,16,False,3,3
BTC/USDT,1785366000.0,859,49.02,-0.1865,63984.28,64161.98,0.27772446607198575,SELL,43,37,False,3,3
BTC/USDT,1785369600.0,860,44.89,-0.2488,63696.72,64023.99,0.5137941168713189,SELL,44,38,False,3,3
BTC/USDT,1785373200.0,861,53.28,-0.2204,64266.0,64033.89,-0.36117075903277096,SELL,43,37,False,3,3
BTC/USDT,1785376800.0,862,52.14,-0.175,64189.99,64002.0,-0.2928649778571363,SELL,43,57,False,3,3
BTC/USDT,1785380400.0,863,51.7,-0.2017,64161.98,64026.0,-0.211932362436451,SELL,43,46,False,3,2
BTC/USDT,1785384000.0,864,49.48,-0.2886,64023.99,64308.01,0.44361496370345566,SELL,44,18,False,3,3
BTC/USDT,1785387600.0,865,49.65,-0.2255,64033.89,64567.56,0.8334180540960393,SELL,43,17,False,3,3
BTC/USDT,1785391200.0,866,49.09,-0.1531,64002.0,64570.72,0.8885972313365225,SELL,42,37,False,3,3
BTC/USDT,1785394800.0,867,49.55,-0.1439,64026.0,64788.0,1.1901415050135882,SELL,42,46,False,3,2
BTC/USDT,1785398400.0,868,54.75,-0.1039,64308.01,64925.0,0.9594294707611042,SELL,42,57,False,3,3
BTC/USDT,1785402000.0,869,58.94,-0.0553,64567.56,65022.01,0.7038364156861501,SELL,41,16,False,3,3
BTC/USDT,1785405600.0,870,58.99,0.0496,64570.72,64683.97,0.17538909276526574,BUY,41,16,False,3,3
BTC/USDT,1785409200.0,871,62.37,0.0935,64788.0,64730.3,-0.08905970241402279,BUY,41,16,False,3,3
BTC/USDT,1785412800.0,872,64.37,0.1825,64925.0,64818.01,-0.16479014247208004,BUY,43,37,False,3,3
BTC/USDT,1785416400.0,873,65.75,0.2924,65022.01,64872.0,-0.23070649461621076,BUY,44,38,False,3,3
BTC/USDT,1785420000.0,874,57.38,0.3813,64683.97,64702.8,0.02911076731994302,BUY,46,38,False,3,3
BTC/USDT,1785423600.0,875,58.17,0.488,64730.3,64800.0,0.10767754822702365,BUY,47,19,False,3,3
BTC/USDT,1785427200.0,876,59.69,0.5968,64818.01,64777.37,-0.06269862342271756,BUY,49,20,False,3,3
BTC/USDT,1785430800.0,877,60.63,0.7094,64872.0,64735.53,-0.21036810950795592,BUY,51,40,False,3,3
BTC/USDT,1785434400.0,878,56.18,0.7486,64702.8,64851.16,0.22929455912263547,BUY,51,40,False,3,3
BTC/USDT,1785438000.0,879,58.09,0.7777,64800.0,64780.02,-0.030833333333338275,BUY,52,61,False,3,3
BTC/USDT,1785441600.0,880,57.46,0.7749,64777.37,64724.91,-0.08098507241031724,BUY,52,51,False,3,2
BTC/USDT,1785445200.0,881,56.25,0.7264,64735.53,64564.01,-0.2649549636806817,BUY,51,26,False,3,2
BTC/USDT,1785448800.0,882,58.83,0.6606,64851.16,64297.79,-0.8532923697895344,BUY,50,40,False,3,3
BTC/USDT,1785452400.0,883,56.62,0.5964,64780.02,64370.0,-0.6329420707187136,BUY,49,20,False,3,3
BTC/USDT,1785456000.0,884,54.9,0.5911,64724.91,64300.0,-0.6564860422362943,BUY,49,20,False,3,3
BTC/USDT,1785459600.0,885,50.12,0.5146,64564.01,64363.06,-0.3112415105567395,BUY,48,19,False,3,3
BTC/USDT,1785463200.0,886,43.39,0.3936,64297.79,64231.97,-0.10236743751223752,BUY,46,38,False,3,3
BTC/USDT,1785466800.0,887,45.53,0.2892,64370.0,63950.01,-0.6524623271710392,BUY,44,58,False,3,3
BTC/USDT,1785470400.0,888,43.8,0.2082,64300.0,63834.01,-0.7247122861586283,BUY,43,37,False,3,3
BTC/USDT,1785474000.0,889,45.8,0.1209,64363.06,63715.9,-1.0054835801778166,BUY,42,17,False,3,3
BTC/USDT,1785477600.0,890,42.43,0.0086,64231.97,63918.67,-0.48776333654409626,BUY,40,36,False,3,3
BTC/USDT,1785481200.0,891,36.25,-0.0968,63950.01,63805.51,-0.22595774418174447,SELL,41,56,False,3,3
BTC/USDT,1785484800.0,892,34.05,-0.2361,63834.01,63754.01,-0.12532504224628846,SELL,44,38,False,3,3
BTC/USDT,1785488400.0,893,31.93,-0.3782,63715.9,63270.73,-0.6986796074449207,SELL,46,58,True,3,3
BTC/USDT,1785492000.0,894,38.96,-0.4978,63918.67,62682.06,-1.9346616567585035,SELL,47,59,True,3,3
BTC/USDT,1785495600.0,895,36.69,-0.6037,63805.51,62716.57,-1.7066551148952533,SELL,49,60,True,3,3
BTC/USDT,1785499200.0,896,35.66,-0.6753,63754.01,62870.88,-1.3852148280555288,SELL,50,60,True,3,3
BTC/USDT,1785502800.0,897,27.83,-0.8071,63270.73,63245.44,-0.03997108931728917,HOLD,45,78,True,3,3
BTC/USDT,1785506400.0,898,21.61,-0.9749,62682.06,63097.57,0.6628850423869318,HOLD,45,58,False,3,3
BTC/USDT,1785510000.0,899,22.7,-1.1359,62716.57,62972.0,0.40727673723228214,HOLD,45,22,True,3,2
BTC/USDT,1785513600.0,900,27.55,-1.2605,62870.88,62953.7,0.13173030185039517,HOLD,45,58,True,3,3
BTC/USDT,1785517200.0,901,37.78,-1.2912,63245.44,62947.78,-0.4706426265672331,SELL,59,24,False,3,3
BTC/USDT,1785520800.0,902,35.64,-1.3123,63097.57,62950.0,-0.23387588460221162,SELL,60,30,False,3,2
BTC/USDT,1785524400.0,903,33.88,-1.3231,62972.0,62887.88,-0.13358317982595855,SELL,60,30,False,3,2
BTC/USDT,1785528000.0,904,33.62,-1.3849,62953.7,62938.01,-0.024923078389348128,SELL,61,30,False,3,2
BTC/USDT,1785531600.0,905,33.54,-1.4274,62947.78,62975.01,0.04325807836273686,SELL,61,30,False,3,2
BTC/USDT,1785535200.0,906,33.61,-1.4572,62950.0,63075.07,0.19868149324860956,SELL,62,41,False,3,1
BTC/USDT,1785538800.0,907,32.55,-1.4151,62887.88,63004.48,0.1854093348352748,SELL,61,41,False,3,1
BTC/USDT,1785542400.0,908,34.34,-1.284,62938.01,63115.01,0.2812291014603099,SELL,59,24,False,3,3
BTC/USDT,1785546000.0,909,35.7,-1.1492,62975.01,63020.0,0.07144103669058244,SELL,57,23,False,3,3
BTC/USDT,1785549600.0,910,39.35,-1.029,63075.07,63080.64,0.008830747235000626,SELL,55,42,False,3,3
BTC/USDT,1785553200.0,911,37.72,-0.9771,63004.48,63050.46,0.07297893737079636,SELL,55,82,False,3,3
BTC/USDT,1785556800.0,912,41.78,-0.8842,63115.01,63126.25,0.01780875896240524,SELL,53,41,False,3,3
BTC/USDT,1785560400.0,913,39.4,-0.785,63020.0,63053.17,0.05263408441764242,SELL,52,21,False,3,3
BTC/USDT,1785564000.0,914,41.68,-0.6793,63080.64,63056.0,-0.03906111288661532,SELL,50,20,False,3,3
BTC/USDT,1785567600.0,915,40.86,-0.584,63050.46,63076.0,0.0405072381708252,SELL,49,20,False,3,3
BTC/USDT,1785571200.0,916,43.86,-0.4949,63126.25,63103.68,-0.03575374745054507,SELL,47,39,False,3,3
BTC/USDT,1785574800.0,917,41.66,-0.3998,63053.17,63069.32,0.025613303819619942,SELL,46,18,False,3,3
BTC/USDT,1785578400.0,918,41.78,-0.3158,63056.0,63126.52,0.11183709718345089,SELL,45,58,False,3,3
BTC/USDT,1785582000.0,919,42.69,-0.2322,63076.0,63007.06,-0.10929672141543904,SELL,43,37,False,3,3
BTC/USDT,1785585600.0,920,43.99,-0.1683,63103.68,62932.32,-0.2715531011820556,SELL,43,17,False,3,3
BTC/USDT,1785589200.0,921,42.7,-0.1116,63069.32,62708.07,-0.572782455875535,SELL,42,21,True,3,2
BTC/USDT,1785592800.0,922,45.57,-0.0725,63126.52,62580.56,-0.8648663034173263,SELL,41,16,True,3,3
BTC/USDT,1785596400.0,923,40.95,-0.0371,63007.06,62529.82,-0.7574389282724793,SELL,41,36,True,3,3
BTC/USDT,1785600000.0,924,38.33,-0.0085,62932.32,62662.13,-0.4293342435174841,SELL,40,36,False,3,3
BTC/USDT,1785603600.0,925,31.76,-0.0048,62708.07,62812.75,0.1669322624663784,SELL,40,56,False,3,3
BTC/USDT,1785607200.0,926,28.75,-0.0293,62580.56,62831.28,0.4006355967412263,HOLD,45,58,True,3,3
BTC/USDT,1785610800.0,927,27.62,-0.0732,62529.82,62823.64,0.469887807129462,HOLD,45,72,True,3,2
BTC/USDT,1785614400.0,928,34.78,-0.1347,62662.13,62833.99,0.27426453585283583,SELL,42,57,False,3,3
BTC/USDT,1785618000.0,929,41.84,-0.1816,62812.75,62981.87,0.26924469952358815,SELL,43,37,False,3,3
BTC/USDT,1785621600.0,930,42.66,-0.2228,62831.28,63451.58,0.9872471164044452,SELL,43,37,False,3,3
BTC/USDT,1785625200.0,931,42.39,-0.2395,62823.64,63461.95,1.016034728328377,SELL,44,22,False,3,2
BTC/USDT,1785628800.0,932,42.91,-0.2721,62833.99,63590.0,1.2031863645775194,SELL,44,38,False,3,3
BTC/USDT,1785632400.0,933,49.87,-0.2766,62981.87,63453.27,0.7484693611034321,SELL,44,18,False,3,3
BTC/USDT,1785636000.0,934,64.61,-0.2204,63451.58,63482.49,0.04871431097538661,SELL,43,37,False,3,3
BTC/USDT,1785639600.0,935,64.86,-0.1279,63461.95,63506.24,0.06978985045369844,SELL,42,71,False,3,2
BTC/USDT,1785643200.0,936,67.83,-0.0015,63590.0,63193.99,-0.6227551501808493,SELL,40,36,True,3,3
BTC/USDT,1785646800.0,937,61.82,0.1152,63453.27,63273.94,-0.28261742854228705,BUY,42,17,False,3,3
BTC/USDT,1785650400.0,938,62.58,0.2165,63482.49,63205.03,-0.43706540181394765,BUY,43,37,False,3,3
BTC/USDT,1785654000.0,939,63.22,0.2983,63506.24,63031.99,-0.7467770096292901,BUY,44,18,False,3,3
BTC/USDT,1785657600.0,940,50.85,0.3495,63193.99,63125.49,-0.1083963838966332,BUY,45,18,False,3,3
BTC/USDT,1785661200.0,941,53.37,0.4067,63273.94,63126.92,-0.2323547419364182,BUY,46,38,False,3,3
BTC/USDT,1785664800.0,942,50.94,0.4607,63205.03,63069.37,-0.21463481624800465,BUY,47,19,False,3,3
BTC/USDT,1785668400.0,943,45.38,0.468,63031.99,63109.14,0.12239816639138547,BUY,47,39,False,3,3
BTC/USDT,1785672000.0,944,48.64,0.4139,63125.49,63180.36,0.08692209755520729,BUY,46,38,False,3,3
BTC/USDT,1785675600.0,945,48.69,0.3568,63126.92,63300.28,0.2746213501308168,BUY,45,48,False,3,2
BTC/USDT,1785679200.0,946,46.7,0.2772,63069.37,63382.01,0.49570813851478046,BUY,44,58,False,3,3
BTC/USDT,1785682800.0,947,48.28,0.2197,63109.14,63456.01,0.5496351241674385,BUY,43,17,True,3,3
BTC/USDT,1785686400.0,948,51.06,0.1652,63180.36,63494.52,0.497243130618433,BUY,42,17,False,3,3
BTC/USDT,1785690000.0,949,55.42,0.1207,63300.28,63578.0,0.43873423624666613,BUY,42,17,False,3,3
BTC/USDT,1785693600.0,950,58.16,0.1358,63382.01,63424.58,0.06716416850775118,BUY,42,17,False,3,3
BTC/USDT,1785697200.0,951,60.52,0.1442,63456.01,63570.0,0.17963625510018352,BUY,42,57,False,3,3
BTC/USDT,1785700800.0,952,61.73,0.1706,63494.52,63317.6,-0.2786382194872853,BUY,43,17,False,3,3
BTC/USDT,1785704400.0,953,64.28,0.2269,63578.0,63212.16,-0.5754191701531921,BUY,43,37,False,3,3
BTC/USDT,1785708000.0,954,56.78,0.2482,63424.58,63141.4,-0.44648305120822285,BUY,44,18,False,3,3
BTC/USDT,1785711600.0,955,61.38,0.2727,63570.0,62870.49,-1.1003775365738588,BUY,44,58,False,3,3
BTC/USDT,1785715200.0,956,51.19,0.273,63317.6,62790.0,-0.8332596308135471,BUY,44,18,False,3,3
BTC/USDT,1785718800.0,957,47.63,0.2532,63212.16,62827.17,-0.6090442092154503,BUY,44,38,False,3,3
BTC/USDT,1785722400.0,958,45.36,0.2218,63141.4,62623.6,-0.8200641734266313,BUY,43,37,False,3,3
BTC/USDT,1785726000.0,959,37.89,0.1508,62870.49,62621.1,-0.39667258836379266,BUY,42,57,False,3,3
BTC/USDT,1785729600.0,960,35.99,0.0593,62790.0,62541.5,-0.3957636566332219,BUY,41,16,False,3,3
BTC/USDT,1785733200.0,961,37.54,-0.0403,62827.17,62837.4,0.01628276428813076,SELL,41,16,False,3,3
BTC/USDT,1785736800.0,962,32.84,-0.1669,62623.6,62742.01,0.189082071295811,SELL,43,37,False,3,3
BTC/USDT,1785740400.0,963,32.78,-0.2992,62621.1,62560.01,-0.09755497747563761,SELL,44,38,False,3,3
BTC/USDT,1785744000.0,964,31.02,-0.3911,62541.5,62700.0,0.25343172133703223,SELL,46,58,False,3,3
BTC/USDT,1785747600.0,965,43.23,-0.4743,62837.4,63351.09,0.8174908573556433,SELL,47,39,False,3,3
BTC/USDT,1785751200.0,966,40.73,-0.5209,62742.01,63967.19,1.9527267296664552,SELL,48,19,False,3,3
BTC/USDT,1785754800.0,967,36.4,-0.5772,62560.01,63694.91,1.8140981754958183,SELL,49,80,False,3,3
BTC/USDT,1785758400.0,968,41.54,-0.6061,62700.0,63776.46,1.7168421052631566,SELL,49,20,False,3,3
BTC/USDT,1785762000.0,969,58.4,-0.5218,63351.09,63906.0,0.8759281016317217,SELL,48,39,False,3,3
BTC/USDT,1785765600.0,970,67.85,-0.3759,63967.19,63870.87,-0.1505771943397853,SELL,46,18,False,3,3
BTC/USDT,1785769200.0,971,61.23,-0.2606,63694.91,63869.38,0.2739151370180033,SELL,44,18,False,3,3
BTC/USDT,1785772800.0,972,62.41,-0.1081,63776.46,63775.43,-0.001615015947888666,SELL,42,57,False,3,3
BTC/USDT,1785776400.0,973,64.28,0.0492,63906.0,63590.15,-0.49424154226519973,BUY,41,16,False,3,3
BTC/USDT,1785780000.0,974,63.36,0.2202,63870.87,63618.0,-0.3959081816170699,BUY,43,37,False,3,3
BTC/USDT,1785783600.0,975,63.32,0.3442,63869.38,63520.0,-0.5470226891195709,BUY,45,18,False,3,3
BTC/USDT,1785787200.0,976,60.63,0.4703,63775.43,63361.99,-0.6482747352703107,BUY,47,19,False,3,3
BTC/USDT,1785790800.0,977,55.63,0.6076,63590.15,63847.93,0.4053772478913776,BUY,49,20,False,3,3
BTC/USDT,1785794400.0,978,56.21,0.7295,63618.0,63822.44,0.32135559118488843,BUY,51,20,False,3,3
BTC/USDT,1785798000.0,979,53.54,0.7445,63520.0,63800.01,0.4408217884131015,BUY,51,20,False,3,3
BTC/USDT,1785801600.0,980,49.45,0.65,63361.99,64029.0,1.0526973663548163,BUY,50,40,True,3,3
BTC/USDT,1785805200.0,981,59.65,0.6534,63847.93,63818.48,-0.04612522285373557,BUY,50,20,False,3,3
BTC/USDT,1785808800.0,982,58.98,0.6433,63822.44,63670.0,-0.23885015991241063,BUY,50,20,False,3,3
BTC/USDT,1785812400.0,983,58.36,0.6148,63800.01,63685.74,-0.17910655499897896,BUY,49,20,False,3,3
BTC/USDT,1785816000.0,984,62.69,0.6077,64029.0,63588.94,-0.6872823251963918,BUY,49,20,False,3,3
BTC/USDT,1785819600.0,985,56.83,0.5865,63818.48,63603.73,-0.3365012767461713,BUY,49,20,False,3,3
BTC/USDT,1785823200.0,986,53.07,0.5512,63670.0,63764.0,0.1476362494110256,BUY,48,19,False,3,3
BTC/USDT,1785826800.0,987,53.42,0.5413,63685.74,63926.0,0.37725870815036777,BUY,48,24,False,3,2
BTC/USDT,1785830400.0,988,50.89,0.513,63588.94,63906.41,0.49925348653398083,BUY,48,19,False,3,3
BTC/USDT,1785834000.0,989,51.27,0.4875,63603.73,63683.94,0.12610895618857437,BUY,47,24,False,3,2
BTC/USDT,1785837600.0,990,55.3,0.4994,63764.0,64128.72,0.5719841917069212,BUY,47,19,True,3,3
BTC/USDT,1785841200.0,991,59.0,0.4538,63926.0,64125.14,0.3115164408847721,BUY,47,19,False,3,3
BTC/USDT,1785844800.0,992,58.37,0.3994,63906.41,63950.93,0.06966437326083064,BUY,46,38,False,3,3
BTC/USDT,1785848400.0,993,51.64,0.3251,63683.94,63972.09,0.452468864206571,BUY,45,38,False,3,3
BTC/USDT,1785852000.0,994,61.26,0.2574,64128.72,64305.99,0.27642840836367355,BUY,44,58,False,3,3
BTC/USDT,1785855600.0,995,61.15,0.2379,64125.14,64331.31,0.3215119686288377,BUY,44,72,False,3,2
ETH/USDT,1784145600.0,520,67.5,1.6081,1923.75,1914.86,-0.4621182586094919,BUY,64,66,False,3,3
ETH/USDT,1784149200.0,521,66.18,1.7219,1922.0,1922.7,0.036420395421438365,BUY,66,83,False,3,2
ETH/USDT,1784152800.0,522,66.75,1.6134,1923.43,1925.37,0.10086148183192667,BUY,64,76,False,3,1
ETH/USDT,1784156400.0,523,62.33,1.489,1917.86,1918.7,0.04379881743193693,BUY,62,65,False,3,3
ETH/USDT,1784160000.0,524,60.02,1.3208,1914.86,1918.31,0.18016982964812286,BUY,60,24,False,3,3
ETH/USDT,1784163600.0,525,63.79,1.1904,1922.7,1925.66,0.15395017423415178,BUY,58,43,False,3,3
ETH/USDT,1784167200.0,526,65.0,1.132,1925.37,1922.53,-0.1475041160919677,BUY,57,43,False,3,3
ETH/USDT,1784170800.0,527,59.64,1.0086,1918.7,1910.63,-0.4205972794079292,BUY,55,22,False,3,3
ETH/USDT,1784174400.0,528,59.33,0.9121,1918.31,1886.09,-1.6796034009101777,BUY,54,22,False,3,3
ETH/USDT,1784178000.0,529,63.19,0.8603,1925.66,1884.67,-2.128620836492424,BUY,53,21,False,3,3
ETH/USDT,1784181600.0,530,60.56,0.7817,1922.53,1888.58,-1.7659022225921077,BUY,52,21,False,3,3
ETH/USDT,1784185200.0,531,51.72,0.6509,1910.63,1885.26,-1.3278342745586595,BUY,50,20,False,3,3
ETH/USDT,1784188800.0,532,39.06,0.4175,1886.09,1872.55,-0.717887269430407,BUY,46,58,False,3,3
ETH/USDT,1784192400.0,533,38.47,0.2285,1884.67,1882.81,-0.09869101752562132,BUY,43,17,False,3,3
ETH/USDT,1784196000.0,534,41.1,0.0697,1888.58,1883.52,-0.2679261667496185,BUY,41,16,False,3,3
ETH/USDT,1784199600.0,535,39.56,-0.131,1885.26,1881.88,-0.1792856157771279,SELL,42,17,False,3,3
ETH/USDT,1784203200.0,536,34.25,-0.4019,1872.55,1878.9,0.33910977009960414,SELL,46,18,False,3,3
ETH/USDT,1784206800.0,537,41.11,-0.612,1882.81,1868.91,-0.7382582416706871,SELL,49,40,True,3,3
ETH/USDT,1784210400.0,538,41.57,-0.8017,1883.52,1875.85,-0.40721627590894033,SELL,52,21,False,3,3
ETH/USDT,1784214000.0,539,40.79,-1.0344,1881.88,1875.59,-0.33424022785725926,SELL,56,22,False,3,3
ETH/USDT,1784217600.0,540,39.34,-1.2643,1878.9,1871.89,-0.37309063813933635,SELL,59,24,False,3,3
ETH/USDT,1784221200.0,541,34.86,-1.4557,1868.91,1878.66,0.5216944636178307,SELL,62,25,False,3,3
ETH/USDT,1784224800.0,542,39.97,-1.421,1875.85,1868.89,-0.3710317989178138,SELL,61,24,False,3,3
ETH/USDT,1784228400.0,543,39.84,-1.3822,1875.59,1864.71,-0.5800841335259775,SELL,61,30,True,3,2
ETH/USDT,1784232000.0,544,38.01,-1.3639,1871.89,1865.77,-0.32694228827549254,SELL,60,30,False,3,2
ETH/USDT,1784235600.0,545,43.17,-1.3065,1878.66,1851.21,-1.4611478394174595,SELL,60,24,True,3,3
ETH/USDT,1784239200.0,546,38.22,-1.2379,1868.89,1848.1,-1.1124250223394738,SELL,59,24,True,3,3
ETH/USDT,1784242800.0,547,36.31,-1.2236,1864.71,1852.53,-0.6531846775101793,SELL,58,54,True,3,2
ETH/USDT,1784246400.0,548,37.17,-1.2153,1865.77,1850.07,-0.8414756374043986,SELL,58,72,True,3,1
ETH/USDT,1784250000.0,549,30.98,-1.2505,1851.21,1823.94,-1.4730905731926676,SELL,59,24,True,3,3
ETH/USDT,1784253600.0,550,29.83,-1.2816,1848.1,1832.31,-0.8543909961582146,HOLD,45,22,False,3,2
ETH/USDT,1784257200.0,551,33.59,-1.2473,1852.53,1828.52,-1.2960653808575295,SELL,59,54,True,3,2
ETH/USDT,1784260800.0,552,32.55,-1.256,1850.07,1830.15,-1.0767160161507319,SELL,59,59,True,3,0
ETH/USDT,1784264400.0,553,24.02,-1.3661,1823.94,1835.1,0.6118622323102654,HOLD,45,48,False,3,2
ETH/USDT,1784268000.0,554,30.32,-1.4322,1832.31,1836.97,0.25432377709012566,SELL,61,44,False,3,3
ETH/USDT,1784271600.0,555,29.14,-1.5345,1828.52,1839.04,0.5753286811191555,HOLD,45,22,False,3,2
ETH/USDT,1784275200.0,556,30.39,-1.5744,1830.15,1828.54,-0.08797093134443226,SELL,64,43,False,3,1
ETH/USDT,1784278800.0,557,34.2,-1.5861,1835.1,1825.5,-0.5231322543730538,SELL,64,32,True,3,2
ETH/USDT,1784282400.0,558,35.63,-1.5974,1836.97,1822.16,-0.8062189366184502,SELL,64,32,True,3,2
ETH/USDT,1784286000.0,559,37.26,-1.5104,1839.04,1830.88,-0.4437097616147476,SELL,63,32,False,3,2
ETH/USDT,1784289600.0,560,32.74,-1.4497,1828.54,1835.91,0.4030538024872367,SELL,62,25,False,3,3
ETH/USDT,1784293200.0,561,31.54,-1.4447,1825.5,1843.71,0.9975349219391968,SELL,62,31,False,3,2
ETH/USDT,1784296800.0,562,30.24,-1.4819,1822.16,1846.99,1.362668481362774,SELL,62,31,False,3,2
ETH/USDT,1784300400.0,563,37.5,-1.3493,1830.88,1843.76,0.7034868478545772,SELL,60,24,False,3,3
ETH/USDT,1784304000.0,564,41.3,-1.2365,1835.91,1842.93,0.3823716848865131,SELL,59,44,False,3,3
ETH/USDT,1784307600.0,565,46.71,-1.0807,1843.71,1841.54,-0.11769746869085011,SELL,56,62,False,3,3
ETH/USDT,1784311200.0,566,48.84,-0.9442,1846.99,1839.95,-0.3811606992999401,SELL,54,42,False,3,3
ETH/USDT,1784314800.0,567,46.85,-0.8278,1843.76,1841.93,-0.09925369896298472,SELL,52,41,False,3,3
ETH/USDT,1784318400.0,568,46.33,-0.723,1842.93,1840.84,-0.11340636920556643,SELL,51,26,False,3,2
ETH/USDT,1784322000.0,569,45.42,-0.6372,1841.54,1842.48,0.051044234716598864,SELL,50,50,False,3,2
ETH/USDT,1784325600.0,570,44.34,-0.5056,1839.95,1841.91,0.1065246338215732,SELL,48,39,False,3,3
ETH/USDT,1784329200.0,571,46.06,-0.3681,1841.93,1845.96,0.21879224509074574,SELL,46,18,False,3,3
ETH/USDT,1784332800.0,572,45.23,-0.2038,1840.84,1844.7,0.20968688207558114,SELL,43,37,False,3,3
ETH/USDT,1784336400.0,573,46.78,-0.0811,1842.48,1845.86,0.18344839564065182,SELL,41,36,False,3,3
ETH/USDT,1784340000.0,574,46.29,0.0056,1841.91,1844.97,0.16613189569522643,BUY,40,16,False,3,3
ETH/USDT,1784343600.0,575,50.27,0.0771,1845.96,1844.2,-0.09534334438449321,BUY,41,16,False,3,3
ETH/USDT,1784347200.0,576,49.05,0.1085,1844.7,1847.43,0.14799154334038153,BUY,42,37,False,3,3
ETH/USDT,1784350800.0,577,50.25,0.1541,1845.86,1844.87,-0.053633536671254006,BUY,42,37,False,3,3
ETH/USDT,1784354400.0,578,49.29,0.2029,1844.97,1845.57,0.032520853997621044,BUY,43,17,False,3,3
ETH/USDT,1784358000.0,579,48.43,0.2301,1844.2,1845.56,0.07374471315475002,BUY,43,17,False,3,3
ETH/USDT,1784361600.0,580,52.19,0.272,1847.43,1844.98,-0.13261666206568287,BUY,44,38,False,3,3
ETH/USDT,1784365200.0,581,49.13,0.3019,1844.87,1841.61,-0.1767062177822823,BUY,45,38,False,3,3
ETH/USDT,1784368800.0,582,50.0,0.3358,1845.57,1845.95,0.020589844871779946,BUY,45,48,False,3,2
ETH/USDT,1784372400.0,583,49.98,0.3132,1845.56,1844.15,-0.07639957519668039,BUY,45,48,False,3,2
ETH/USDT,1784376000.0,584,49.18,0.3069,1844.98,1846.11,0.06124727639323363,BUY,45,63,False,3,1
ETH/USDT,1784379600.0,585,44.7,0.2595,1841.61,1852.82,0.6087065122365777,BUY,44,58,True,3,3
ETH/USDT,1784383200.0,586,50.91,0.2376,1845.95,1857.54,0.6278609929846376,BUY,44,18,True,3,3
ETH/USDT,1784386800.0,587,48.48,0.2119,1844.15,1858.45,0.775424992543988,BUY,43,17,True,3,3
ETH/USDT,1784390400.0,588,51.21,0.2015,1846.11,1857.34,0.6083061139368737,BUY,43,22,True,3,2
ETH/USDT,1784394000.0,589,59.18,0.2233,1852.82,1860.97,0.4398700359452128,BUY,43,57,False,3,3
ETH/USDT,1784397600.0,590,63.68,0.2256,1857.54,1863.7,0.33162139173315686,BUY,43,37,False,3,3
ETH/USDT,1784401200.0,591,64.5,0.2395,1858.45,1862.61,0.22384244935294756,BUY,44,47,False,3,2
ETH/USDT,1784404800.0,592,62.65,0.2396,1857.34,1861.45,0.22128420213854907,BUY,44,47,False,3,2
ETH/USDT,1784408400.0,593,66.07,0.2686,1860.97,1859.18,-0.09618639741639916,BUY,44,72,False,3,2
ETH/USDT,1784412000.0,594,68.4,0.3197,1863.7,1871.44,0.4153028920963679,BUY,45,38,False,3,3
ETH/USDT,1784415600.0,595,66.44,0.3992,1862.61,1867.08,0.23998582634045923,BUY,46,18,False,3,3
ETH/USDT,1784419200.0,596,64.32,0.4568,1861.45,1867.33,0.31588277955356747,BUY,47,19,False,3,3
ETH/USDT,1784422800.0,597,60.26,0.5102,1859.18,1868.56,0.5045234996073473,BUY,48,39,True,3,3
ETH/USDT,1784426400.0,598,70.92,0.5955,1871.44,1869.39,-0.10954131577822182,HOLD,45,58,True,3,3
ETH/USDT,1784430000.0,599,64.31,0.6263,1867.08,1870.25,0.16978383357971125,BUY,49,60,False,3,3
ETH/USDT,1784433600.0,600,64.52,0.6296,1867.33,1873.88,0.3507682091542567,BUY,49,74,False,3,2
ETH/USDT,1784437200.0,601,65.56,0.6359,1868.56,1866.16,-0.1284411525452682,BUY,50,67,False,3,1
ETH/USDT,1784440800.0,602,66.28,0.6493,1869.39,1872.25,0.15299108265262465,BUY,50,33,False,3,1
ETH/USDT,1784444400.0,603,67.05,0.6491,1870.25,1871.41,0.062023793610484254,BUY,50,33,False,3,1
ETH/USDT,1784448000.0,604,70.15,0.6461,1873.88,1870.38,-0.18677823553269152,HOLD,45,78,True,3,3
ETH/USDT,1784451600.0,605,57.72,0.6287,1866.16,1871.83,0.3038324688129552,BUY,49,20,False,3,3
ETH/USDT,1784455200.0,606,63.25,0.6371,1872.25,1874.69,0.13032447589798662,BUY,50,40,False,3,3
ETH/USDT,1784458800.0,607,62.05,0.6568,1871.41,1870.91,-0.026717822390603874,BUY,50,60,False,3,3
ETH/USDT,1784462400.0,608,60.52,0.6053,1870.38,1866.8,-0.19140495514281347,BUY,49,60,False,3,3
ETH/USDT,1784466000.0,609,61.94,0.581,1871.83,1867.23,-0.24574881265926443,BUY,49,74,False,3,2
ETH/USDT,1784469600.0,610,64.64,0.5714,1874.69,1861.12,-0.723853010364389,BUY,49,60,False,3,3
ETH/USDT,1784473200.0,611,58.72,0.5371,1870.91,1862.37,-0.45646236323501344,BUY,48,19,False,3,3
ETH/USDT,1784476800.0,612,53.03,0.485,1866.8,1867.14,0.018212984786808738,BUY,47,39,False,3,3
ETH/USDT,1784480400.0,613,53.54,0.4298,1867.23,1862.12,-0.2736674110848758,BUY,46,48,False,3,2
ETH/USDT,1784484000.0,614,45.95,0.3323,1861.12,1870.44,0.5007737276478768,BUY,45,58,True,3,3
ETH/USDT,1784487600.0,615,47.59,0.2747,1862.37,1872.23,0.529432926862016,BUY,44,18,True,3,3
ETH/USDT,1784491200.0,616,53.39,0.2094,1867.14,1872.14,0.2677892391572137,BUY,43,17,False,3,3
ETH/USDT,1784494800.0,617,47.44,0.1274,1862.12,1869.56,0.3995446050737898,BUY,42,57,False,3,3
ETH/USDT,1784498400.0,618,56.16,0.0842,1870.44,1879.06,0.4608541305788954,BUY,41,36,False,3,3
ETH/USDT,1784502000.0,619,57.78,0.0516,1872.23,1879.94,0.4118083782441279,BUY,41,36,False,3,3
ETH/USDT,1784505600.0,620,57.67,0.0119,1872.14,1868.94,-0.1709273879090263,BUY,40,20,False,3,2
ETH/USDT,1784509200.0,621,54.31,-0.0152,1869.56,1855.45,-0.7547230364363754,SELL,40,36,True,3,3
ETH/USDT,1784512800.0,622,62.88,0.0117,1879.06,1849.73,-1.5608868263919156,BUY,40,36,False,3,3
ETH/USDT,1784516400.0,623,63.56,0.0459,1879.94,1863.95,-0.8505590603955451,BUY,41,20,False,3,2
ETH/USDT,1784520000.0,624,50.96,0.0784,1868.94,1861.01,-0.4243046860787432,BUY,41,16,False,3,3
ETH/USDT,1784523600.0,625,40.39,0.0541,1855.45,1864.16,0.46942790158721803,BUY,41,16,False,3,3
ETH/USDT,1784527200.0,626,36.9,-0.0182,1849.73,1868.85,1.033664372638163,SELL,40,36,False,3,3
ETH/USDT,1784530800.0,627,48.77,-0.0169,1863.95,1893.2,1.5692481021486626,SELL,40,16,False,3,3
ETH/USDT,1784534400.0,628,46.81,-0.0487,1861.01,1873.33,0.6620061149590779,SELL,41,16,False,3,3
ETH/USDT,1784538000.0,629,49.16,-0.0867,1864.16,1862.68,-0.07939232683889892,SELL,41,20,False,3,2
ETH/USDT,1784541600.0,630,52.54,-0.1071,1868.85,1868.01,-0.04494742756240031,SELL,42,37,False,3,3
ETH/USDT,1784545200.0,631,65.38,-0.0245,1893.2,1902.34,0.48278047749840863,SELL,40,16,False,3,3
ETH/USDT,1784548800.0,632,52.82,-0.0622,1873.33,1899.41,1.392173295682029,SELL,41,46,False,3,2
ETH/USDT,1784552400.0,633,47.55,-0.141,1862.68,1907.78,2.4212425107908984,SELL,42,17,False,3,3
ETH/USDT,1784556000.0,634,50.23,-0.1355,1868.01,1899.52,1.6868218050224564,SELL,42,17,False,3,3
ETH/USDT,1784559600.0,635,63.24,0.0508,1902.34,1898.46,-0.20395933429354804,BUY,41,16,False,3,3
ETH/USDT,1784563200.0,636,61.76,0.268,1899.41,1904.84,0.2858782464028217,BUY,44,58,False,3,3
ETH/USDT,1784566800.0,637,64.33,0.4372,1907.78,1902.45,-0.2793823187159907,BUY,47,19,False,3,3
ETH/USDT,1784570400.0,638,60.04,0.5907,1899.52,1895.72,-0.20005053908355555,BUY,49,40,False,3,3
ETH/USDT,1784574000.0,639,59.49,0.7261,1898.46,1904.77,0.33237466156779416,BUY,51,20,False,3,3
ETH/USDT,1784577600.0,640,61.75,0.8641,1904.84,1914.8,0.5228785619789609,BUY,53,21,True,3,3
ETH/USDT,1784581200.0,641,60.39,0.8569,1902.45,1907.49,0.26492154852952576,BUY,53,26,False,3,2
ETH/USDT,1784584800.0,642,56.6,0.9244,1895.72,1917.3,1.1383537653239892,BUY,54,42,True,3,3
ETH/USDT,1784588400.0,643,60.22,1.0812,1904.77,1926.75,1.1539450957333441,BUY,56,42,True,3,3
ETH/USDT,1784592000.0,644,63.81,1.2339,1914.8,1924.59,0.5112805514936267,BUY,59,44,True,3,3
ETH/USDT,1784595600.0,645,59.58,1.1804,1907.49,1930.56,1.2094427755846655,BUY,58,43,True,3,3
ETH/USDT,1784599200.0,646,63.12,1.1855,1917.3,1935.03,0.9247379126897208,BUY,58,43,True,3,3
ETH/USDT,1784602800.0,647,66.18,1.1705,1926.75,1934.08,0.38043337225898155,BUY,58,23,False,3,3
ETH/USDT,1784606400.0,648,64.86,1.2066,1924.59,1939.8,0.7902981933814495,BUY,58,63,True,3,3
ETH/USDT,1784610000.0,649,66.84,1.2724,1930.56,1942.22,0.60396983258744,BUY,59,44,True,3,3
ETH/USDT,1784613600.0,650,68.28,1.3198,1935.03,1934.18,-0.04392696754055023,BUY,60,44,False,3,3
ETH/USDT,1784617200.0,651,67.61,1.3717,1934.08,1935.69,0.0832437127730046,BUY,61,30,False,3,2
ETH/USDT,1784620800.0,652,69.55,1.496,1939.8,1942.79,0.15413960202082735,BUY,62,65,False,3,3
ETH/USDT,1784624400.0,653,70.36,1.5824,1942.22,1940.3,-0.09885594834777073,HOLD,45,58,True,3,3
ETH/USDT,1784628000.0,654,64.24,1.5681,1934.18,1931.87,-0.11943045631741475,BUY,64,46,False,3,3
ETH/USDT,1784631600.0,655,64.86,1.5735,1935.69,1931.81,-0.20044531924017323,BUY,64,32,False,3,2
ETH/USDT,1784635200.0,656,67.69,1.5419,1942.79,1926.37,-0.8451762671209999,BUY,63,25,False,3,3
ETH/USDT,1784638800.0,657,65.69,1.4775,1940.3,1918.71,-1.1127145286811275,BUY,62,31,False,3,2
ETH/USDT,1784642400.0,658,59.31,1.3901,1931.87,1919.93,-0.6180540098453741,BUY,61,24,False,3,3
ETH/USDT,1784646000.0,659,59.27,1.2771,1931.81,1923.39,-0.43586066952753355,BUY,59,24,False,3,3
ETH/USDT,1784649600.0,660,55.26,1.1304,1926.37,1923.24,-0.1624817662235127,BUY,57,43,False,3,3
ETH/USDT,1784653200.0,661,50.11,1.0053,1918.71,1924.32,0.292383945463353,BUY,55,42,False,3,3
ETH/USDT,1784656800.0,662,50.9,0.8198,1919.93,1920.86,0.048439266014898265,BUY,52,21,False,3,3
ETH/USDT,1784660400.0,663,53.14,0.6153,1923.39,1930.09,0.34834328971242534,BUY,49,40,False,3,3
ETH/USDT,1784664000.0,664,53.03,0.4619,1923.24,1939.46,0.8433684823526979,BUY,47,39,True,3,3
ETH/USDT,1784667600.0,665,53.8,0.3644,1924.32,1933.61,0.482767938804355,BUY,45,38,False,3,3
ETH/USDT,1784671200.0,666,50.94,0.2129,1920.86,1930.43,0.49821434149288146,BUY,43,57,False,3,3
ETH/USDT,1784674800.0,667,57.44,0.1211,1930.09,1928.77,-0.06839059318477048,BUY,42,37,False,3,3
ETH/USDT,1784678400.0,668,62.82,0.0912,1939.46,1936.82,-0.13612036340012684,BUY,41,16,False,3,3
ETH/USDT,1784682000.0,669,57.9,0.0397,1933.61,1919.35,-0.7374806708695131,BUY,41,16,False,3,3
ETH/USDT,1784685600.0,670,55.36,0.0165,1930.43,1917.4,-0.6749791497231172,BUY,40,56,False,3,3
ETH/USDT,1784689200.0,671,54.02,0.0231,1928.77,1914.44,-0.7429605396185096,BUY,40,56,False,3,3
ETH/USDT,1784692800.0,672,59.16,0.0397,1936.82,1921.32,-0.8002808727708305,BUY,41,20,False,3,2
ETH/USDT,1784696400.0,673,46.91,-0.0065,1919.35,1924.49,0.2677989944512517,SELL,40,16,False,3,3
ETH/USDT,1784700000.0,674,45.77,-0.0413,1917.4,1930.82,0.6999061228747181,SELL,41,36,False,3,3
ETH/USDT,1784703600.0,675,44.03,-0.1045,1914.44,1927.27,0.6701698669062456,SELL,42,37,False,3,3
ETH/USDT,1784707200.0,676,48.91,-0.109,1921.32,1917.17,-0.2159973351654,SELL,42,17,False,3,3
ETH/USDT,1784710800.0,677,51.03,-0.1342,1924.49,1939.93,0.8022904769575343,SELL,42,37,False,3,3
ETH/USDT,1784714400.0,678,55.04,-0.1897,1930.82,1933.2,0.12326369107426426,SELL,43,17,False,3,3
ETH/USDT,1784718000.0,679,52.44,-0.2169,1927.27,1943.03,0.817737006231612,SELL,43,17,False,3,3
ETH/USDT,1784721600.0,680,45.83,-0.2548,1917.17,1949.84,1.7040742344184314,SELL,44,18,False,3,3
ETH/USDT,1784725200.0,681,58.53,-0.2071,1939.93,1938.53,-0.07216755243746377,SELL,43,37,False,3,3
ETH/USDT,1784728800.0,682,54.46,-0.2144,1933.2,1930.69,-0.12983654045106513,SELL,43,17,False,3,3
ETH/USDT,1784732400.0,683,58.95,-0.0931,1943.03,1925.13,-0.9212415660077232,SELL,41,20,True,3,2
ETH/USDT,1784736000.0,684,61.76,0.0481,1949.84,1926.76,-1.183686866614693,BUY,41,16,False,3,3
ETH/USDT,1784739600.0,685,55.02,0.168,1938.53,1938.76,0.011864660335409727,BUY,43,17,False,3,3
ETH/USDT,1784743200.0,686,50.88,0.2375,1930.69,1938.42,0.4003749954679424,BUY,44,38,False,3,3
ETH/USDT,1784746800.0,687,48.11,0.2671,1925.13,1934.25,0.47373424132395686,BUY,44,38,False,3,3
ETH/USDT,1784750400.0,688,48.99,0.2549,1926.76,1932.37,0.2911623658369439,BUY,44,18,False,3,3
ETH/USDT,1784754000.0,689,55.01,0.3025,1938.76,1928.39,-0.5348779632342265,BUY,45,18,False,3,3
ETH/USDT,1784757600.0,690,54.81,0.3917,1938.42,1927.6,-0.5581865643152755,BUY,46,18,False,3,3
ETH/USDT,1784761200.0,691,52.33,0.3354,1934.25,1920.55,-0.7082848649347315,BUY,45,58,False,3,3
ETH/USDT,1784764800.0,692,51.2,0.3095,1932.37,1919.74,-0.6536015359377284,BUY,45,18,False,3,3
ETH/USDT,1784768400.0,693,48.81,0.225,1928.39,1922.77,-0.2914348238686219,BUY,43,37,False,3,3
ETH/USDT,1784772000.0,694,48.33,0.1022,1927.6,1925.39,-0.11465034239467779,BUY,42,37,False,3,3
ETH/USDT,1784775600.0,695,44.13,0.0156,1920.55,1915.65,-0.25513524771549106,BUY,40,16,False,3,3
ETH/USDT,1784779200.0,696,43.67,-0.0392,1919.74,1926.54,0.3542146332315811,SELL,41,20,False,3,2
ETH/USDT,1784782800.0,697,45.98,-0.0388,1922.77,1924.36,0.08269319783437011,SELL,41,16,False,3,3
ETH/USDT,1784786400.0,698,47.97,-0.0216,1925.39,1928.14,0.1428282062335423,SELL,40,16,False,3,3
ETH/USDT,1784790000.0,699,41.81,-0.1104,1915.65,1926.04,0.5423746509017761,SELL,42,57,False,3,3
ETH/USDT,1784793600.0,700,49.6,-0.1653,1926.54,1904.64,-1.1367529353140793,SELL,42,17,True,3,3
ETH/USDT,1784797200.0,701,48.21,-0.209,1924.36,1898.72,-1.332391028705641,SELL,43,17,True,3,3
ETH/USDT,1784800800.0,702,50.79,-0.2159,1928.14,1896.43,-1.6445901231238413,SELL,43,17,True,3,3
ETH/USDT,1784804400.0,703,49.32,-0.2397,1926.04,1895.23,-1.5996552511889652,SELL,44,18,True,3,3
ETH/USDT,1784808000.0,704,37.43,-0.3368,1904.64,1887.95,-0.87628108198925,SELL,45,18,True,3,3
ETH/USDT,1784811600.0,705,34.92,-0.4229,1898.72,1878.31,-1.0749346928457109,SELL,46,18,True,3,3
ETH/USDT,1784815200.0,706,33.98,-0.501,1896.43,1881.19,-0.8036152138491802,SELL,48,24,True,3,2
ETH/USDT,1784818800.0,707,33.46,-0.5937,1895.23,1875.65,-1.0331199907135242,SELL,49,33,True,3,1
ETH/USDT,1784822400.0,708,30.46,-0.7144,1887.95,1885.98,-0.10434598373897759,SELL,51,34,False,3,1
ETH/USDT,1784826000.0,709,27.01,-0.8244,1878.31,1882.72,0.23478552528603275,HOLD,45,22,True,3,2
ETH/USDT,1784829600.0,710,29.58,-0.9985,1881.19,1883.42,0.11854198672117214,HOLD,45,22,True,3,2
ETH/USDT,1784833200.0,711,27.56,-1.1418,1875.65,1878.38,0.1455495428251549,HOLD,45,22,True,3,2
ETH/USDT,1784836800.0,712,36.27,-1.2805,1885.98,1871.47,-0.7693612869701689,SELL,59,84,True,3,3
ETH/USDT,1784840400.0,713,34.84,-1.403,1882.72,1872.76,-0.5290218407410574,SELL,61,24,True,3,3
ETH/USDT,1784844000.0,714,35.43,-1.3999,1883.42,1869.58,-0.7348334412929748,SELL,61,30,True,3,2
ETH/USDT,1784847600.0,715,33.12,-1.4028,1878.38,1880.67,0.12191356381562643,SELL,61,30,False,3,2
ETH/USDT,1784851200.0,716,30.21,-1.4316,1871.47,1876.12,0.2484677820109253,SELL,61,24,False,3,3
ETH/USDT,1784854800.0,717,31.42,-1.4592,1872.76,1880.97,0.43839039706102423,SELL,62,25,False,3,3
ETH/USDT,1784858400.0,718,30.04,-1.4571,1869.58,1888.13,0.992201457011745,SELL,62,31,False,3,2
ETH/USDT,1784862000.0,719,39.96,-1.3444,1880.67,1895.98,0.8140715808727711,SELL,60,44,False,3,3
ETH/USDT,1784865600.0,720,37.61,-1.2634,1876.12,1888.07,0.6369528601582013,SELL,59,44,False,3,3
ETH/USDT,1784869200.0,721,41.56,-1.1431,1880.97,1888.07,0.3774648186839721,SELL,57,43,False,3,3
ETH/USDT,1784872800.0,722,46.91,-1.0549,1888.13,1883.82,-0.22826818068672033,SELL,56,42,False,3,3
ETH/USDT,1784876400.0,723,52.09,-0.9287,1895.98,1883.93,-0.6355552273758138,SELL,54,22,True,3,3
ETH/USDT,1784880000.0,724,47.11,-0.8353,1888.07,1872.65,-0.8167070076850882,SELL,53,41,True,3,3
ETH/USDT,1784883600.0,725,47.11,-0.7276,1888.07,1857.6,-1.6138172843167906,SELL,51,20,True,3,3
ETH/USDT,1784887200.0,726,44.45,-0.5996,1883.82,1862.9,-1.1105094966610316,SELL,49,40,True,3,3
ETH/USDT,1784890800.0,727,44.54,-0.4726,1883.93,1861.81,-1.174141289750687,SELL,47,19,True,3,3
ETH/USDT,1784894400.0,728,37.97,-0.3638,1872.65,1857.47,-0.8106159720182662,SELL,45,38,True,3,3
ETH/USDT,1784898000.0,729,31.33,-0.3838,1857.6,1866.53,0.48072782084410337,SELL,46,18,False,3,3
ETH/USDT,1784901600.0,730,35.6,-0.3419,1862.9,1862.72,-0.009662354393690679,SELL,45,38,False,3,3
ETH/USDT,1784905200.0,731,35.12,-0.3333,1861.81,1863.83,0.10849657054156879,SELL,45,22,False,3,2
ETH/USDT,1784908800.0,732,33.18,-0.3715,1857.47,1860.9,0.1846597791619818,SELL,46,23,False,3,2
ETH/USDT,1784912400.0,733,40.54,-0.423,1866.53,1857.51,-0.48324966649343876,SELL,46,38,False,3,3
ETH/USDT,1784916000.0,734,38.62,-0.4839,1862.72,1859.49,-0.17340233636832256,SELL,47,19,False,3,3
ETH/USDT,1784919600.0,735,39.52,-0.5513,1863.83,1861.44,-0.12823057896910517,SELL,48,19,False,3,3
ETH/USDT,1784923200.0,736,37.94,-0.6107,1860.9,1860.34,-0.03009296576926072,SELL,49,24,False,3,2
ETH/USDT,1784926800.0,737,36.13,-0.6849,1857.51,1860.0,0.13405042233958414,SELL,50,50,False,3,2
ETH/USDT,1784930400.0,738,37.99,-0.7049,1859.49,1859.45,-0.0021511274596778484,SELL,51,50,False,3,2
ETH/USDT,1784934000.0,739,39.84,-0.6546,1861.44,1858.74,-0.1450489943269751,SELL,50,60,False,3,3
ETH/USDT,1784937600.0,740,39.13,-0.6314,1860.34,1861.28,0.05052839803477078,SELL,49,50,False,3,2
ETH/USDT,1784941200.0,741,38.9,-0.6134,1860.0,1858.42,-0.08494623655913587,SELL,49,50,False,3,2
ETH/USDT,1784944800.0,742,38.5,-0.5558,1859.45,1858.55,-0.04840140901880077,SELL,48,19,False,3,3
ETH/USDT,1784948400.0,743,37.97,-0.555,1858.74,1856.02,-0.14633568976833916,SELL,48,24,False,3,2
ETH/USDT,1784952000.0,744,41.13,-0.5235,1861.28,1853.8,-0.4018739791971126,SELL,48,39,False,3,3
ETH/USDT,1784955600.0,745,38.73,-0.517,1858.42,1858.34,-0.004304731976633625,SELL,48,24,False,3,2
ETH/USDT,1784959200.0,746,38.91,-0.5066,1858.55,1858.62,0.00376637701433571,SELL,48,24,False,3,2
ETH/USDT,1784962800.0,747,36.72,-0.4849,1856.02,1857.75,0.09321020247626739,SELL,47,19,False,3,3
ETH/USDT,1784966400.0,748,34.87,-0.4873,1853.8,1860.32,0.3517100010788641,SELL,47,59,False,3,3
ETH/USDT,1784970000.0,749,41.38,-0.4643,1858.34,1867.24,0.4789220487101441,SELL,47,19,False,3,3
ETH/USDT,1784973600.0,750,41.77,-0.4424,1858.62,1868.68,0.5412617963865757,SELL,47,24,False,3,2
ETH/USDT,1784977200.0,751,40.87,-0.4131,1857.75,1867.88,0.5452832727762137,SELL,46,23,False,3,2
ETH/USDT,1784980800.0,752,44.67,-0.359,1860.32,1867.99,0.4122946589834046,SELL,45,18,False,3,3
ETH/USDT,1784984400.0,753,53.36,-0.2622,1867.24,1873.06,0.31168998093442385,SELL,44,18,False,3,3
ETH/USDT,1784988000.0,754,54.95,-0.1878,1868.68,1875.48,0.3638932294453815,SELL,43,17,False,3,3
ETH/USDT,1784991600.0,755,53.85,-0.101,1867.88,1874.76,0.36833201276312616,SELL,42,17,False,3,3
ETH/USDT,1784995200.0,756,53.99,-0.022,1867.99,1872.23,0.22698194315815445,SELL,40,56,False,3,3
ETH/USDT,1784998800.0,757,59.86,0.089,1873.06,1872.65,-0.021889314811050074,BUY,41,16,False,3,3
ETH/USDT,1785002400.0,758,62.33,0.2004,1875.48,1875.82,0.01812869238807762,BUY,43,37,False,3,3
ETH/USDT,1785006000.0,759,61.12,0.2578,1874.76,1874.89,0.006934220913616097,BUY,44,58,False,3,3
ETH/USDT,1785009600.0,760,56.96,0.3141,1872.23,1881.05,0.4710959657734325,BUY,45,38,False,3,3
ETH/USDT,1785013200.0,761,57.47,0.3746,1872.65,1878.68,0.32200357781752986,BUY,46,73,False,3,2
ETH/USDT,1785016800.0,762,61.27,0.4248,1875.82,1880.97,0.27454659828768707,BUY,46,38,False,3,3
ETH/USDT,1785020400.0,763,59.59,0.4509,1874.89,1882.21,0.39042290481041214,BUY,47,39,False,3,3
ETH/USDT,1785024000.0,764,66.19,0.4843,1881.05,1886.26,0.2769729672257535,BUY,47,39,False,3,3
ETH/USDT,1785027600.0,765,61.99,0.5155,1878.68,1883.4,0.2512402325036742,BUY,48,49,False,3,2
ETH/USDT,1785031200.0,766,64.35,0.5491,1880.97,1884.95,0.21159295469890632,BUY,48,39,False,3,3
ETH/USDT,1785034800.0,767,65.59,0.5537,1882.21,1881.56,-0.03453387241594142,BUY,48,24,False,3,2
ETH/USDT,1785038400.0,768,69.35,0.5634,1886.26,1881.42,-0.2565924103782044,BUY,48,59,False,3,3
ETH/USDT,1785042000.0,769,64.03,0.5703,1883.4,1883.8,0.021238186258886245,BUY,49,50,False,3,2
ETH/USDT,1785045600.0,770,65.57,0.5942,1884.95,1886.22,0.06737579246133753,BUY,49,24,False,3,2
ETH/USDT,1785049200.0,771,59.56,0.6032,1881.56,1885.87,0.22906524373392,BUY,49,20,False,3,3
ETH/USDT,1785052800.0,772,59.32,0.5937,1881.42,1886.57,0.27372941714236393,BUY,49,24,False,3,2
ETH/USDT,1785056400.0,773,62.13,0.5964,1883.8,1886.62,0.14969742010828838,BUY,49,40,False,3,3
ETH/USDT,1785060000.0,774,64.8,0.5794,1886.22,1898.59,0.6558089724422331,BUY,49,60,True,3,3
ETH/USDT,1785063600.0,775,64.1,0.5686,1885.87,1914.63,1.5250255850085224,BUY,49,40,True,3,3
ETH/USDT,1785067200.0,776,64.92,0.5484,1886.57,1916.2,1.5705751708126447,BUY,48,19,True,3,3
ETH/USDT,1785070800.0,777,64.98,0.5172,1886.62,1911.23,1.3044492266593235,BUY,48,24,True,3,2
ETH/USDT,1785074400.0,778,75.88,0.5029,1898.59,1914.49,0.8374635914020453,HOLD,45,58,False,3,3
ETH/USDT,1785078000.0,779,83.36,0.5688,1914.63,1914.2,-0.022458647362679142,HOLD,45,48,True,3,2
ETH/USDT,1785081600.0,780,83.88,0.6323,1916.2,1913.8,-0.12524788644192103,HOLD,45,48,True,3,2
ETH/USDT,1785085200.0,781,75.72,0.6947,1911.23,1925.91,0.7680917524316835,HOLD,45,38,False,3,3
ETH/USDT,1785088800.0,782,77.28,0.7737,1914.49,1949.81,1.8448777481209062,HOLD,45,22,False,3,2
ETH/USDT,1785092400.0,783,76.81,0.8513,1914.2,1954.72,2.116811200501514,HOLD,45,22,False,3,2
ETH/USDT,1785096000.0,784,76.11,0.9171,1913.8,1942.54,1.501724318110566,HOLD,45,48,False,3,2
ETH/USDT,1785099600.0,785,81.54,1.0257,1925.91,1948.2,1.157374955215974,HOLD,45,78,False,3,3
ETH/USDT,1785103200.0,786,87.55,1.2143,1949.81,1943.1,-0.3441360953118528,HOLD,45,72,True,3,2
ETH/USDT,1785106800.0,787,88.39,1.4284,1954.72,1949.64,-0.2598837685192727,HOLD,45,48,True,3,2
ETH/USDT,1785110400.0,788,74.93,1.5406,1942.54,1953.43,0.5606062166030095,HOLD,45,38,False,3,3
ETH/USDT,1785114000.0,789,76.71,1.5865,1948.2,1965.65,0.8956985935735575,HOLD,45,48,False,3,2
ETH/USDT,1785117600.0,790,71.78,1.6017,1943.1,1968.45,1.3046163347228725,HOLD,45,58,False,3,3
ETH/USDT,1785121200.0,791,74.08,1.6665,1949.64,1964.36,0.7550111815514556,HOLD,45,72,False,3,2
ETH/USDT,1785124800.0,792,75.33,1.7328,1953.43,1964.25,0.5538975033658711,HOLD,45,72,False,3,2
ETH/USDT,1785128400.0,793,78.88,1.8411,1965.65,1965.19,-0.023401928115383528,HOLD,45,72,True,3,2
ETH/USDT,1785132000.0,794,79.61,1.9717,1968.45,1967.43,-0.05181741979730152,HOLD,45,72,True,3,2
ETH/USDT,1785135600.0,795,75.53,2.0204,1964.36,1959.67,-0.23875460709848642,HOLD,45,72,True,3,2
ETH/USDT,1785139200.0,796,75.42,1.948,1964.25,1957.59,-0.339060710194735,HOLD,45,72,True,3,2
ETH/USDT,1785142800.0,797,75.75,1.8557,1965.19,1961.16,-0.20506922994723017,HOLD,45,48,True,3,2
ETH/USDT,1785146400.0,798,76.56,1.8419,1967.43,1932.3,-1.7855781400100694,HOLD,45,72,False,3,2
ETH/USDT,1785150000.0,799,68.09,1.767,1959.67,1927.75,-1.6288456729959673,BUY,67,67,False,3,3
ETH/USDT,1785153600.0,800,65.98,1.7144,1957.59,1940.57,-0.8694363988373451,BUY,66,46,False,3,3
ETH/USDT,1785157200.0,801,67.82,1.6343,1961.16,1943.71,-0.8897795182443066,BUY,65,46,False,3,3
ETH/USDT,1785160800.0,802,46.11,1.4358,1932.3,1939.2,0.3570874087874601,BUY,62,25,False,3,3
ETH/USDT,1785164400.0,803,43.73,1.163,1927.75,1948.31,1.0665283361431692,BUY,57,28,True,3,2
ETH/USDT,1785168000.0,804,51.34,0.9243,1940.57,1946.87,0.3246468821016482,BUY,54,42,False,3,3
ETH/USDT,1785171600.0,805,53.02,0.7174,1943.71,1941.9,-0.09312088737517148,BUY,51,20,False,3,3
ETH/USDT,1785175200.0,806,50.34,0.4972,1939.2,1893.6,-2.3514851485148585,BUY,47,19,False,3,3
ETH/USDT,1785178800.0,807,55.26,0.3038,1948.31,1892.53,-2.8629940820505966,BUY,45,18,False,3,3
ETH/USDT,1785182400.0,808,54.34,0.115,1946.87,1878.86,-3.4932995012507253,BUY,42,37,False,3,3
ETH/USDT,1785186000.0,809,51.19,-0.0232,1941.9,1875.9,-3.3987331994438437,SELL,40,36,True,3,3
ETH/USDT,1785189600.0,810,31.83,-0.3137,1893.6,1876.0,-0.9294465568229779,SELL,45,18,True,3,3
ETH/USDT,1785193200.0,811,31.54,-0.6349,1892.53,1881.38,-0.5891584281358744,SELL,50,60,True,3,3
ETH/USDT,1785196800.0,812,28.09,-0.8494,1878.86,1879.18,0.017031604270683485,HOLD,45,58,True,3,3
ETH/USDT,1785200400.0,813,27.39,-1.0513,1875.9,1883.16,0.3870142331680788,HOLD,45,58,True,3,3
ETH/USDT,1785204000.0,814,27.45,-1.32,1876.0,1888.62,0.6727078891257937,HOLD,45,18,False,3,3
ETH/USDT,1785207600.0,815,31.07,-1.5661,1881.38,1883.83,0.13022355930220464,SELL,63,25,False,3,3
ETH/USDT,1785211200.0,816,30.4,-1.7564,1879.18,1884.5,0.2831022041528718,SELL,66,33,False,3,2
ETH/USDT,1785214800.0,817,33.2,-1.9722,1883.16,1876.44,-0.35684700184795914,SELL,70,35,False,3,2
ETH/USDT,1785218400.0,818,36.94,-2.1826,1888.62,1878.79,-0.5204858573985199,SELL,70,48,True,3,3
ETH/USDT,1785222000.0,819,35.08,-2.3748,1883.83,1876.68,-0.37954592505692464,SELL,70,60,False,3,2
ETH/USDT,1785225600.0,820,35.57,-2.3231,1884.5,1892.48,0.4234544972141161,SELL,70,47,False,3,1
ETH/USDT,1785229200.0,821,32.42,-2.2829,1876.44,1874.08,-0.1257700752488823,SELL,70,47,False,3,1
ETH/USDT,1785232800.0,822,34.25,-2.1568,1878.79,1888.95,0.5407735829975719,SELL,70,80,False,3,1
ETH/USDT,1785236400.0,823,33.37,-2.0015,1876.68,1920.02,2.3093974465545495,SELL,70,60,False,3,2
ETH/USDT,1785240000.0,824,44.75,-1.7861,1892.48,1925.92,1.7669935745688228,SELL,67,47,False,3,3
ETH/USDT,1785243600.0,825,36.86,-1.6698,1874.08,1901.89,1.4839281140613085,SELL,65,66,False,3,3
ETH/USDT,1785247200.0,826,45.26,-1.4895,1888.95,1911.22,1.1789618571163865,SELL,62,45,False,3,3
ETH/USDT,1785250800.0,827,57.87,-1.2188,1920.02,1922.23,0.11510296767742191,SELL,58,63,False,3,3
ETH/USDT,1785254400.0,828,59.77,-0.9518,1925.92,1918.57,-0.38163578964859063,SELL,54,27,False,3,2
ETH/USDT,1785258000.0,829,49.92,-0.757,1901.89,1923.95,1.1598988374721957,SELL,51,20,False,3,3
ETH/USDT,1785261600.0,830,53.15,-0.5362,1911.22,1911.9,0.03557936815228303,SELL,48,19,False,3,3
ETH/USDT,1785265200.0,831,56.7,-0.2278,1922.23,1922.23,0.0,SELL,43,17,False,3,3
ETH/USDT,1785268800.0,832,55.2,0.0052,1918.57,1917.27,-0.0677587995225587,BUY,40,56,False,3,3
ETH/USDT,1785272400.0,833,57.0,0.2603,1923.95,1905.7,-0.94856934951532,BUY,44,38,False,3,3
ETH/USDT,1785276000.0,834,51.97,0.4128,1911.9,1911.1,-0.04184319263560761,BUY,46,58,False,3,3
ETH/USDT,1785279600.0,835,55.58,0.7038,1922.23,1892.7,-1.5362365585803974,BUY,51,20,False,3,3
ETH/USDT,1785283200.0,836,53.5,0.8916,1917.27,1905.52,-0.612850563561731,BUY,53,41,False,3,3
ETH/USDT,1785286800.0,837,48.9,0.8916,1905.7,1912.54,0.3589232303090685,BUY,53,21,False,3,3
ETH/USDT,1785290400.0,838,51.02,0.8769,1911.1,1920.18,0.47511904138978367,BUY,53,26,False,3,2
ETH/USDT,1785294000.0,839,44.28,0.9157,1892.7,1924.71,1.6912347440164839,BUY,54,22,True,3,3
ETH/USDT,1785297600.0,840,49.3,0.8645,1905.52,1915.08,0.5017003232713351,BUY,53,35,True,3,1
ETH/USDT,1785301200.0,841,51.86,0.778,1912.54,1922.31,0.5108389889884647,BUY,52,21,True,3,3
ETH/USDT,1785304800.0,842,54.55,0.7133,1920.18,1912.16,-0.41766917684800287,BUY,51,20,False,3,3
ETH/USDT,1785308400.0,843,56.12,0.6311,1924.71,1915.26,-0.49098305718783847,BUY,49,40,False,3,3
ETH/USDT,1785312000.0,844,52.01,0.5789,1915.08,1905.23,-0.5143388265764307,BUY,49,20,False,3,3
ETH/USDT,1785315600.0,845,54.69,0.5072,1922.31,1909.24,-0.6799111485660448,BUY,48,59,False,3,3
ETH/USDT,1785319200.0,846,50.44,0.4224,1912.16,1895.23,-0.8853861601539652,BUY,46,18,False,3,3
ETH/USDT,1785322800.0,847,51.67,0.4161,1915.26,1892.11,-1.208713177323188,BUY,46,23,False,3,2
ETH/USDT,1785326400.0,848,47.54,0.3562,1905.23,1895.4,-0.5159482057284384,BUY,45,18,False,3,3
ETH/USDT,1785330000.0,849,49.29,0.3983,1909.24,1916.16,0.36244788502231634,BUY,46,23,False,3,2
ETH/USDT,1785333600.0,850,43.8,0.3255,1895.23,1920.55,1.3359856059686652,BUY,45,58,True,3,3
ETH/USDT,1785337200.0,851,42.66,0.191,1892.11,1888.56,-0.18762122709567386,BUY,43,37,False,3,3
ETH/USDT,1785340800.0,852,44.31,0.032,1895.4,1884.15,-0.5935422602089269,BUY,40,16,False,3,3
ETH/USDT,1785344400.0,853,53.39,-0.0817,1916.16,1898.38,-0.9278974615898449,SELL,41,16,True,3,3
ETH/USDT,1785348000.0,854,55.06,-0.102,1920.55,1907.18,-0.6961547473379964,SELL,42,17,True,3,3
ETH/USDT,1785351600.0,855,42.98,-0.3039,1888.56,1910.72,1.1733807768882154,SELL,45,18,False,3,3
ETH/USDT,1785355200.0,856,41.62,-0.4421,1884.15,1898.22,0.7467558315420713,SELL,47,19,False,3,3
ETH/USDT,1785358800.0,857,47.39,-0.4929,1898.38,1916.77,0.968720698700991,SELL,47,19,False,3,3
ETH/USDT,1785362400.0,858,50.64,-0.4501,1907.18,1911.11,0.2060634025105043,SELL,47,19,False,3,3
ETH/USDT,1785366000.0,859,51.92,-0.4577,1910.72,1909.99,-0.0382054932172175,SELL,47,24,False,3,2
ETH/USDT,1785369600.0,860,47.25,-0.4195,1898.22,1901.99,0.1986071161403832,SELL,46,23,False,3,2
ETH/USDT,1785373200.0,861,53.89,-0.2808,1916.77,1906.34,-0.5441445765532674,SELL,44,18,True,3,3
ETH/USDT,1785376800.0,862,51.75,-0.1855,1911.11,1901.32,-0.5122677396905444,SELL,43,37,True,3,3
ETH/USDT,1785380400.0,863,51.31,-0.1935,1909.99,1903.25,-0.35288142869858,SELL,43,46,False,3,2
ETH/USDT,1785384000.0,864,48.2,-0.2735,1901.99,1914.99,0.6834946555975583,SELL,44,18,False,3,3
ETH/USDT,1785387600.0,865,49.98,-0.1526,1906.34,1918.16,0.6200362999255203,SELL,42,37,False,3,3
ETH/USDT,1785391200.0,866,47.93,-0.0347,1901.32,1918.26,0.8909599646561366,SELL,41,16,False,3,3
ETH/USDT,1785394800.0,867,48.8,-0.0049,1903.25,1923.22,1.0492578484171826,SELL,40,16,False,3,3
ETH/USDT,1785398400.0,868,53.83,0.0293,1914.99,1925.23,0.5347286408806317,BUY,40,36,True,3,3
ETH/USDT,1785402000.0,869,55.12,0.0238,1918.16,1929.86,0.6099595445635306,BUY,40,36,True,3,3
ETH/USDT,1785405600.0,870,55.16,0.1065,1918.26,1917.4,-0.04483229593485241,BUY,42,17,False,3,3
ETH/USDT,1785409200.0,871,57.31,0.1217,1923.22,1918.9,-0.22462328802736747,BUY,42,37,False,3,3
ETH/USDT,1785412800.0,872,58.19,0.1868,1925.23,1919.38,-0.30385979856951684,BUY,43,57,False,3,3
ETH/USDT,1785416400.0,873,60.21,0.2819,1929.86,1920.88,-0.4653187277833517,BUY,44,38,False,3,3
ETH/USDT,1785420000.0,874,52.8,0.3586,1917.4,1916.29,-0.057890893918855074,BUY,45,58,False,3,3
ETH/USDT,1785423600.0,875,53.54,0.4303,1918.9,1923.68,0.24910104747511452,BUY,46,38,False,3,3
ETH/USDT,1785427200.0,876,53.79,0.5123,1919.38,1921.68,0.11983036188769051,BUY,48,39,False,3,3
ETH/USDT,1785430800.0,877,54.61,0.5947,1920.88,1918.67,-0.11505143475907065,BUY,49,80,False,3,3
ETH/USDT,1785434400.0,878,51.59,0.5821,1916.29,1925.63,0.4874001325477953,BUY,49,20,False,3,3
ETH/USDT,1785438000.0,879,55.83,0.5857,1923.68,1918.31,-0.27915245778924347,BUY,49,40,False,3,3
ETH/USDT,1785441600.0,880,54.44,0.5572,1921.68,1917.15,-0.2357312351692255,BUY,48,74,False,3,2
ETH/USDT,1785445200.0,881,52.33,0.4868,1918.67,1910.36,-0.4331125206523358,BUY,47,39,False,3,3
ETH/USDT,1785448800.0,882,56.53,0.436,1925.63,1904.15,-1.1154790899601699,BUY,47,19,False,3,3
ETH/USDT,1785452400.0,883,51.4,0.3718,1918.31,1908.9,-0.4905359404892773,BUY,46,18,False,3,3
ETH/USDT,1785456000.0,884,50.62,0.3765,1917.15,1905.96,-0.583678898364763,BUY,46,23,False,3,2
ETH/USDT,1785459600.0,885,46.18,0.2937,1910.36,1906.13,-0.22142423417574653,BUY,44,58,False,3,3
ETH/USDT,1785463200.0,886,42.51,0.1792,1904.15,1902.61,-0.08087598140903768,BUY,43,17,False,3,3
ETH/USDT,1785466800.0,887,46.04,0.0983,1908.9,1890.2,-0.9796217717009819,BUY,41,36,False,3,3
ETH/USDT,1785470400.0,888,44.23,0.0465,1905.96,1890.45,-0.8137631429830632,BUY,41,16,False,3,3
ETH/USDT,1785474000.0,889,44.37,-0.0372,1906.13,1883.74,-1.1746313210536585,SELL,41,16,True,3,3
ETH/USDT,1785477600.0,890,42.07,-0.1444,1902.61,1887.12,-0.8141447800652792,SELL,42,37,True,3,3
ETH/USDT,1785481200.0,891,35.17,-0.247,1890.2,1884.26,-0.3142524600571397,SELL,44,18,False,3,3
ETH/USDT,1785484800.0,892,35.4,-0.395,1890.45,1882.92,-0.39831786082678583,SELL,46,38,False,3,3
ETH/USDT,1785488400.0,893,32.11,-0.5302,1883.74,1867.12,-0.8822873644982916,SELL,48,79,True,3,3
ETH/USDT,1785492000.0,894,35.37,-0.6615,1887.12,1860.19,-1.427042265462707,SELL,50,40,True,3,3
ETH/USDT,1785495600.0,895,33.89,-0.7598,1884.26,1862.94,-1.1314786706717723,SELL,51,26,True,3,2
ETH/USDT,1785499200.0,896,33.18,-0.8391,1882.92,1864.57,-0.97455016676227,SELL,53,26,True,3,2
ETH/USDT,1785502800.0,897,26.27,-0.9954,1867.12,1875.01,0.42257594584172953,HOLD,45,78,True,3,3
ETH/USDT,1785506400.0,898,23.92,-1.1406,1860.19,1871.83,0.6257425316768648,HOLD,45,72,False,3,2
ETH/USDT,1785510000.0,899,26.73,-1.2717,1862.94,1868.19,0.28181261876388936,HOLD,45,38,True,3,3
ETH/USDT,1785513600.0,900,28.41,-1.3787,1864.57,1862.25,-0.12442547075196622,HOLD,45,18,True,3,3
ETH/USDT,1785517200.0,901,38.21,-1.3753,1875.01,1861.81,-0.7039962453533605,SELL,61,44,True,3,3
ETH/USDT,1785520800.0,902,36.57,-1.3809,1871.83,1861.49,-0.5524005919340922,SELL,61,44,True,3,3
ETH/USDT,1785524400.0,903,34.73,-1.356,1868.19,1862.6,-0.29922010073922595,SELL,60,64,False,3,3
ETH/USDT,1785528000.0,904,31.91,-1.3915,1862.25,1864.7,0.13156128339374656,SELL,61,24,False,3,3
ETH/USDT,1785531600.0,905,31.7,-1.411,1861.81,1867.03,0.2803723258549491,SELL,61,30,False,3,2
ETH/USDT,1785535200.0,906,31.54,-1.4237,1861.49,1868.25,0.3631499497714192,SELL,61,30,False,3,2
ETH/USDT,1785538800.0,907,32.8,-1.3463,1862.6,1869.88,0.39085149790616347,SELL,60,30,False,3,2
ETH/USDT,1785542400.0,908,35.23,-1.2326,1864.7,1869.76,0.27135732289376013,SELL,58,83,False,3,3
ETH/USDT,1785546000.0,909,37.91,-1.1121,1867.03,1867.59,0.029994161850636865,SELL,57,23,False,3,3
ETH/USDT,1785549600.0,910,39.32,-0.9991,1868.25,1870.5,0.12043356081894822,SELL,55,22,False,3,3
ETH/USDT,1785553200.0,911,41.25,-0.9409,1869.88,1869.8,-0.004278349412804812,SELL,54,22,False,3,3
ETH/USDT,1785556800.0,912,41.15,-0.8539,1869.76,1869.49,-0.014440355981515371,SELL,53,26,False,3,2
ETH/USDT,1785560400.0,913,39.23,-0.7679,1867.59,1867.93,0.018205280602281312,SELL,52,41,False,3,3
ETH/USDT,1785564000.0,914,43.06,-0.6418,1870.5,1867.35,-0.1684041700080241,SELL,50,80,False,3,3
ETH/USDT,1785567600.0,915,42.37,-0.5277,1869.8,1866.9,-0.15509680179697635,SELL,48,39,False,3,3
ETH/USDT,1785571200.0,916,42.05,-0.4238,1869.49,1869.06,-0.023000925386071264,SELL,46,18,False,3,3
ETH/USDT,1785574800.0,917,40.38,-0.3228,1867.93,1869.28,0.07227251556535358,SELL,45,38,False,3,3
ETH/USDT,1785578400.0,918,39.75,-0.2402,1867.35,1875.18,0.4193107880151099,SELL,44,38,False,3,3
ETH/USDT,1785582000.0,919,39.24,-0.1712,1866.9,1870.09,0.17087149820557218,SELL,43,22,False,3,2
ETH/USDT,1785585600.0,920,43.03,-0.1072,1869.06,1868.79,-0.014445764180924197,SELL,42,57,False,3,3
ETH/USDT,1785589200.0,921,43.42,-0.0731,1869.28,1862.07,-0.38571000599161365,SELL,41,20,False,3,2
ETH/USDT,1785592800.0,922,52.71,-0.0169,1875.18,1836.81,-2.046203564457818,SELL,40,36,True,3,3
ETH/USDT,1785596400.0,923,45.73,0.0208,1870.09,1837.3,-1.7533915480003617,BUY,40,16,False,3,3
ETH/USDT,1785600000.0,924,44.13,0.0443,1868.79,1838.41,-1.6256508221897528,BUY,41,16,False,3,3
ETH/USDT,1785603600.0,925,36.91,0.0426,1862.07,1845.78,-0.8748328473150829,BUY,41,36,False,3,3
ETH/USDT,1785607200.0,926,22.21,-0.0502,1836.81,1847.28,0.570009962924855,HOLD,45,38,False,3,3
ETH/USDT,1785610800.0,927,22.85,-0.1611,1837.3,1844.94,0.41582757306918305,HOLD,45,48,True,3,2
ETH/USDT,1785614400.0,928,24.37,-0.2774,1838.41,1846.69,0.45038919501090463,HOLD,45,30,True,3,1
ETH/USDT,1785618000.0,929,33.73,-0.3601,1845.78,1857.09,0.6127490816890391,SELL,45,18,False,3,3
ETH/USDT,1785621600.0,930,35.47,-0.4462,1847.28,1876.9,1.6034385691394981,SELL,47,39,False,3,3
ETH/USDT,1785625200.0,931,33.97,-0.5233,1844.94,1877.43,1.7610328791180205,SELL,48,59,False,3,3
ETH/USDT,1785628800.0,932,36.15,-0.6316,1846.69,1881.22,1.8698319696321513,SELL,49,40,False,3,3
ETH/USDT,1785632400.0,933,47.3,-0.6817,1857.09,1876.33,1.0360294869930917,SELL,50,40,False,3,3
ETH/USDT,1785636000.0,934,61.2,-0.6642,1876.9,1877.54,0.03409877990302481,SELL,50,20,False,3,3
ETH/USDT,1785639600.0,935,61.49,-0.6095,1877.43,1876.1,-0.07084152271989659,SELL,49,24,False,3,2
ETH/USDT,1785643200.0,936,63.61,-0.4061,1881.22,1868.2,-0.6921040601311904,SELL,46,18,True,3,3
ETH/USDT,1785646800.0,937,59.1,-0.2211,1876.33,1870.95,-0.2867299462248049,SELL,43,37,False,3,3
ETH/USDT,1785650400.0,938,59.86,-0.0341,1877.54,1868.75,-0.46816579140790415,SELL,41,36,False,3,3
ETH/USDT,1785654000.0,939,58.47,0.1123,1876.1,1852.58,-1.2536645168168,BUY,42,37,False,3,3
ETH/USDT,1785657600.0,940,51.42,0.2247,1868.2,1857.06,-0.596295899796601,BUY,43,57,False,3,3
ETH/USDT,1785661200.0,941,53.52,0.3623,1870.95,1854.89,-0.8583874502258181,BUY,45,38,False,3,3
ETH/USDT,1785664800.0,942,51.6,0.4824,1868.75,1854.94,-0.7389966555183918,BUY,47,19,False,3,3
ETH/USDT,1785668400.0,943,40.18,0.4852,1852.58,1858.82,0.336827559403643,BUY,47,39,False,3,3
ETH/USDT,1785672000.0,944,43.88,0.4029,1857.06,1863.13,0.3268607368636535,BUY,46,58,False,3,3
ETH/USDT,1785675600.0,945,42.51,0.3087,1854.89,1868.65,0.7418229652432214,BUY,45,58,True,3,3
ETH/USDT,1785679200.0,946,42.55,0.1936,1854.94,1875.86,1.127799281917466,BUY,43,17,True,3,3
ETH/USDT,1785682800.0,947,46.05,0.1159,1858.82,1882.2,1.2577871983301294,BUY,42,37,True,3,3
ETH/USDT,1785686400.0,948,49.72,0.0461,1863.13,1883.78,1.108349927272915,BUY,41,16,True,3,3
ETH/USDT,1785690000.0,949,54.02,0.003,1868.65,1890.43,1.1655473202579387,BUY,40,36,True,3,3
ETH/USDT,1785693600.0,950,58.97,0.0319,1875.86,1882.11,0.3331805145373322,BUY,40,16,False,3,3
ETH/USDT,1785697200.0,951,62.76,0.0692,1882.2,1885.36,0.16788864095206962,BUY,41,16,False,3,3
ETH/USDT,1785700800.0,952,63.66,0.1345,1883.78,1873.87,-0.5260699232394485,BUY,42,21,False,3,2
ETH/USDT,1785704400.0,953,67.25,0.3012,1890.43,1867.19,-1.2293499362578888,BUY,45,38,False,3,3
ETH/USDT,1785708000.0,954,59.35,0.4117,1882.11,1864.51,-0.9351206890139211,BUY,46,38,False,3,3
ETH/USDT,1785711600.0,955,61.26,0.5333,1885.36,1857.22,-1.4925531463487014,BUY,48,39,False,3,3
ETH/USDT,1785715200.0,956,51.95,0.5682,1873.87,1854.97,-1.008607854333538,BUY,49,20,False,3,3
ETH/USDT,1785718800.0,957,47.43,0.5593,1867.19,1859.88,-0.3914973837691903,BUY,48,19,False,3,3
ETH/USDT,1785722400.0,958,45.71,0.5199,1864.51,1849.28,-0.8168365951375975,BUY,48,19,False,3,3
ETH/USDT,1785726000.0,959,41.33,0.4382,1857.22,1843.97,-0.7134319035978505,BUY,47,39,False,3,3
ETH/USDT,1785729600.0,960,40.05,0.3126,1854.97,1840.32,-0.7897701849625649,BUY,45,18,False,3,3
ETH/USDT,1785733200.0,961,44.11,0.1664,1859.88,1852.63,-0.38981009527496396,BUY,42,37,False,3,3
ETH/USDT,1785736800.0,962,38.11,-0.0228,1849.28,1846.24,-0.16438830247447458,SELL,40,16,False,3,3
ETH/USDT,1785740400.0,963,35.51,-0.248,1843.97,1839.89,-0.2212617341930686,SELL,44,18,False,3,3
ETH/USDT,1785744000.0,964,33.8,-0.4067,1840.32,1843.7,0.18366371065902176,SELL,46,18,False,3,3
ETH/USDT,1785747600.0,965,43.65,-0.538,1852.63,1859.18,0.35355143768588193,SELL,48,39,False,3,3
ETH/USDT,1785751200.0,966,40.3,-0.6239,1846.24,1873.79,1.4922220296386144,SELL,49,40,False,3,3
ETH/USDT,1785754800.0,967,37.24,-0.7056,1839.89,1863.34,1.2745327166297886,SELL,51,20,False,3,3
ETH/USDT,1785758400.0,968,40.17,-0.7572,1843.7,1866.22,1.2214568530672008,SELL,51,40,False,3,3
ETH/USDT,1785762000.0,969,50.34,-0.7166,1859.18,1868.84,0.5195839025806998,SELL,51,20,False,3,3
ETH/USDT,1785765600.0,970,57.65,-0.6255,1873.79,1868.96,-0.2577663452147747,SELL,49,20,False,3,3
ETH/USDT,1785769200.0,971,51.78,-0.5934,1863.34,1870.2,0.36815610677601124,SELL,49,20,False,3,3
ETH/USDT,1785772800.0,972,53.2,-0.4979,1866.22,1868.97,0.14735668892199205,SELL,47,19,False,3,3
ETH/USDT,1785776400.0,973,54.5,-0.3934,1868.84,1863.6,-0.28038783416450896,SELL,46,38,False,3,3
ETH/USDT,1785780000.0,974,54.57,-0.2609,1868.96,1860.4,-0.45800873212909554,SELL,44,38,False,3,3
ETH/USDT,1785783600.0,975,55.25,-0.1939,1870.2,1860.5,-0.5186611057640917,SELL,43,17,True,3,3
ETH/USDT,1785787200.0,976,54.38,-0.097,1868.97,1851.3,-0.9454405367662442,SELL,41,36,True,3,3
ETH/USDT,1785790800.0,977,50.6,0.0217,1863.6,1867.64,0.21678471775060051,BUY,40,16,False,3,3
ETH/USDT,1785794400.0,978,48.44,0.1161,1860.4,1866.17,0.3101483551924307,BUY,42,37,False,3,3
ETH/USDT,1785798000.0,979,48.52,0.1378,1860.5,1864.19,0.19833378124160467,BUY,42,46,False,3,2
ETH/USDT,1785801600.0,980,42.48,0.0611,1851.3,1868.01,0.9026089774752897,BUY,41,16,True,3,3
ETH/USDT,1785805200.0,981,53.53,0.1102,1867.64,1864.42,-0.1724101004476252,BUY,42,37,False,3,3
ETH/USDT,1785808800.0,982,52.56,0.1415,1866.17,1856.96,-0.4935241698237586,BUY,42,37,False,3,3
ETH/USDT,1785812400.0,983,51.2,0.1636,1864.19,1863.87,-0.017165632258523203,BUY,42,37,False,3,3
ETH/USDT,1785816000.0,984,53.68,0.1838,1868.01,1857.89,-0.5417529884743599,BUY,43,22,False,3,2
ETH/USDT,1785819600.0,985,51.05,0.1903,1864.42,1858.71,-0.3062614646914341,BUY,43,46,False,3,2
ETH/USDT,1785823200.0,986,46.01,0.1561,1856.96,1866.94,0.5374375323108747,BUY,42,77,True,3,3
ETH/USDT,1785826800.0,987,50.85,0.1635,1863.87,1872.89,0.4839393305327201,BUY,42,37,False,3,3
ETH/USDT,1785830400.0,988,46.93,0.1619,1857.89,1875.11,0.9268578871730727,BUY,42,46,True,3,2
ETH/USDT,1785834000.0,989,47.53,0.1496,1858.71,1862.06,0.18023252686002167,BUY,42,21,False,3,2
ETH/USDT,1785837600.0,990,53.22,0.2122,1866.94,1873.03,0.32620223467277565,BUY,43,17,False,3,3
ETH/USDT,1785841200.0,991,56.87,0.2171,1872.89,1873.07,0.009610815370888643,BUY,43,37,False,3,3
ETH/USDT,1785844800.0,992,58.18,0.2188,1875.11,1869.68,-0.28958301113000495,BUY,43,37,False,3,3
ETH/USDT,1785848400.0,993,48.8,0.1748,1862.06,1869.53,0.4011685982191781,BUY,43,17,False,3,3
ETH/USDT,1785852000.0,994,55.32,0.1432,1873.03,1875.29,0.12066010688563401,BUY,42,17,False,3,3
ETH/USDT,1785855600.0,995,55.34,0.153,1873.07,1877.21,0.22102751098464554,BUY,42,21,False,3,2
SOL/USDT,1784145600.0,520,48.84,0.2212,77.38,76.95,-0.555699147066416,BUY,43,17,False,3,3
SOL/USDT,1784149200.0,521,49.29,0.2057,77.41,77.09,-0.41338328381345196,BUY,43,22,False,3,2
SOL/USDT,1784152800.0,522,50.38,0.0941,77.48,77.13,-0.45172947857512713,BUY,41,36,False,3,3
SOL/USDT,1784156400.0,523,47.39,-0.0163,77.29,76.95,-0.4399016690386898,SELL,40,56,False,3,3
SOL/USDT,1784160000.0,524,42.52,-0.1654,76.95,76.81,-0.18193632228720022,SELL,42,37,False,3,3
SOL/USDT,1784163600.0,525,45.02,-0.2882,77.09,77.48,0.5059021922428338,SELL,44,38,False,3,3
SOL/USDT,1784167200.0,526,45.75,-0.3505,77.13,77.35,0.2852327239725125,SELL,45,22,False,3,2
SOL/USDT,1784170800.0,527,42.99,-0.4515,76.95,76.41,-0.7017543859649203,SELL,47,19,True,3,3
SOL/USDT,1784174400.0,528,40.93,-0.5161,76.81,76.16,-0.8462439786486208,SELL,48,39,True,3,3
SOL/USDT,1784178000.0,529,52.65,-0.4608,77.48,76.02,-1.8843572534847803,SELL,47,19,True,3,3
SOL/USDT,1784181600.0,530,50.56,-0.4514,77.35,76.21,-1.4738202973497099,SELL,47,19,True,3,3
SOL/USDT,1784185200.0,531,38.59,-0.5363,76.41,76.28,-0.1701347991100582,SELL,48,49,False,3,2
SOL/USDT,1784188800.0,532,36.14,-0.6583,76.16,75.93,-0.3019957983193143,SELL,50,20,False,3,3
SOL/USDT,1784192400.0,533,34.81,-0.7471,76.02,76.36,0.44725072349382194,SELL,51,40,False,3,3
SOL/USDT,1784196000.0,534,38.14,-0.7653,76.21,76.49,0.3674058522503624,SELL,51,60,False,3,3
SOL/USDT,1784199600.0,535,39.37,-0.7854,76.28,76.63,0.45883586785526265,SELL,52,51,False,3,2
SOL/USDT,1784203200.0,536,35.56,-0.8547,75.93,76.27,0.4477808507836022,SELL,53,41,False,3,3
SOL/USDT,1784206800.0,537,42.87,-0.8858,76.36,75.61,-0.9821896280775275,SELL,53,21,True,3,3
SOL/USDT,1784210400.0,538,44.91,-0.8806,76.49,75.74,-0.9805203294548308,SELL,53,26,True,3,2
SOL/USDT,1784214000.0,539,47.1,-0.9539,76.63,75.81,-1.0700769933446341,SELL,54,22,True,3,3
SOL/USDT,1784217600.0,540,42.43,-1.0469,76.27,75.8,-0.6162318080503459,SELL,56,22,True,3,3
SOL/USDT,1784221200.0,541,35.49,-1.069,75.61,75.94,0.43645020499933646,SELL,56,22,False,3,3
SOL/USDT,1784224800.0,542,37.66,-1.0147,75.74,75.32,-0.5545286506469523,SELL,55,22,True,3,3
SOL/USDT,1784228400.0,543,38.85,-0.9433,75.81,75.32,-0.6463527239150627,SELL,54,27,True,3,2
SOL/USDT,1784232000.0,544,38.73,-0.8926,75.8,75.55,-0.32981530343007914,SELL,53,26,False,3,2
SOL/USDT,1784235600.0,545,41.32,-0.8452,75.94,75.1,-1.1061364234922353,SELL,53,41,True,3,3
SOL/USDT,1784239200.0,546,34.39,-0.8252,75.32,75.0,-0.42485395645246044,SELL,52,41,False,3,3
SOL/USDT,1784242800.0,547,34.39,-0.8531,75.32,75.23,-0.11949017525224272,SELL,53,52,False,3,2
SOL/USDT,1784246400.0,548,38.81,-0.8883,75.55,75.24,-0.41032428855063174,SELL,53,41,False,3,3
SOL/USDT,1784250000.0,549,33.99,-0.9986,75.1,74.4,-0.9320905459387333,SELL,55,22,True,3,3
SOL/USDT,1784253600.0,550,33.01,-1.0621,75.0,74.6,-0.533333333333341,SELL,56,28,True,3,2
SOL/USDT,1784257200.0,551,37.48,-1.0176,75.23,74.61,-0.8241393061278804,SELL,55,42,True,3,3
SOL/USDT,1784260800.0,552,37.67,-0.9862,75.24,74.53,-0.943646996278567,SELL,55,52,True,3,2
SOL/USDT,1784264400.0,553,29.39,-1.0462,74.4,74.65,0.33602150537634407,HOLD,45,22,True,3,2
SOL/USDT,1784268000.0,554,33.16,-1.1021,74.6,74.8,0.26809651474531215,SELL,57,63,False,3,3
SOL/USDT,1784271600.0,555,33.35,-1.1696,74.61,74.86,0.33507572711432787,SELL,58,54,False,3,2
SOL/USDT,1784275200.0,556,32.55,-1.1608,74.53,74.4,-0.17442640547429955,SELL,57,71,False,3,1
SOL/USDT,1784278800.0,557,35.07,-1.1492,74.65,74.33,-0.42866711319491946,SELL,57,23,False,3,3
SOL/USDT,1784282400.0,558,38.19,-1.1608,74.8,74.32,-0.6417112299465294,SELL,57,23,True,3,3
SOL/USDT,1784286000.0,559,39.44,-1.0784,74.86,74.77,-0.12022441891531314,SELL,56,22,False,3,3
SOL/USDT,1784289600.0,560,33.79,-1.029,74.4,74.94,0.7258064516128925,SELL,55,62,False,3,3
SOL/USDT,1784293200.0,561,33.01,-1.0574,74.33,75.24,1.2242701466433425,SELL,56,53,False,3,2
SOL/USDT,1784296800.0,562,32.9,-1.0989,74.32,75.32,1.3455328310010766,SELL,56,53,False,3,2
SOL/USDT,1784300400.0,563,42.67,-0.9951,74.77,75.2,0.575096964023013,SELL,55,42,False,3,3
SOL/USDT,1784304000.0,564,45.88,-0.8943,74.94,75.11,0.22684814518281518,SELL,53,61,False,3,3
SOL/USDT,1784307600.0,565,51.08,-0.7649,75.24,75.01,-0.30568846358318685,SELL,51,20,False,3,3
SOL/USDT,1784311200.0,566,52.39,-0.6331,75.32,75.02,-0.3983005841741864,SELL,49,20,False,3,3
SOL/USDT,1784314800.0,567,50.21,-0.5089,75.2,75.04,-0.21276595744680396,SELL,48,19,False,3,3
SOL/USDT,1784318400.0,568,48.58,-0.4067,75.11,75.09,-0.02662761283450409,SELL,46,38,False,3,3
SOL/USDT,1784322000.0,569,46.76,-0.3151,75.01,75.23,0.29329422743634026,SELL,45,18,False,3,3
SOL/USDT,1784325600.0,570,46.98,-0.1772,75.02,75.21,0.2532657957877869,SELL,43,37,False,3,3
SOL/USDT,1784329200.0,571,47.43,-0.0573,75.04,75.38,0.45309168443495357,SELL,41,56,False,3,3
SOL/USDT,1784332800.0,572,48.62,0.0742,75.09,75.1,0.013317352510308836,BUY,41,36,False,3,3
SOL/USDT,1784336400.0,573,51.89,0.1613,75.23,74.92,-0.4120696530639402,BUY,42,37,False,3,3
SOL/USDT,1784340000.0,574,51.38,0.2236,75.21,74.98,-0.30581039755350325,BUY,43,17,False,3,3
SOL/USDT,1784343600.0,575,55.35,0.2673,75.38,74.97,-0.5439108516847926,BUY,44,38,False,3,3
SOL/USDT,1784347200.0,576,48.35,0.2477,75.1,74.96,-0.18641810918775045,BUY,44,18,False,3,3
SOL/USDT,1784350800.0,577,44.46,0.2282,74.92,74.85,-0.0934329951948844,BUY,43,37,False,3,3
SOL/USDT,1784354400.0,578,46.02,0.2362,74.98,74.91,-0.09335822886103945,BUY,44,18,False,3,3
SOL/USDT,1784358000.0,579,45.79,0.2367,74.97,74.97,0.0,BUY,44,22,False,3,2
SOL/USDT,1784361600.0,580,45.55,0.2305,74.96,75.01,0.06670224119531933,BUY,43,29,False,3,1
SOL/USDT,1784365200.0,581,42.82,0.2221,74.85,74.73,-0.16032064128255222,BUY,43,57,False,3,3
SOL/USDT,1784368800.0,582,44.76,0.2128,74.91,74.98,0.09344546789481697,BUY,43,37,False,3,3
SOL/USDT,1784372400.0,583,46.71,0.1526,74.97,74.97,0.0,BUY,42,17,False,3,3
SOL/USDT,1784376000.0,584,48.03,0.1077,75.01,75.17,0.2133048926809713,BUY,42,37,False,3,3
SOL/USDT,1784379600.0,585,40.49,0.0156,74.73,75.35,0.8296534189749636,BUY,40,36,True,3,3
SOL/USDT,1784383200.0,586,48.29,-0.0205,74.98,75.29,0.41344358495599126,SELL,40,36,False,3,3
SOL/USDT,1784386800.0,587,48.02,-0.028,74.97,75.44,0.6269174336401212,SELL,40,45,False,3,2
SOL/USDT,1784390400.0,588,53.63,-0.0191,75.17,75.47,0.39909538379672366,SELL,40,36,False,3,3
SOL/USDT,1784394000.0,589,58.02,0.0098,75.35,75.49,0.1857996018579968,BUY,40,16,False,3,3
SOL/USDT,1784397600.0,590,56.11,0.0142,75.29,75.57,0.37189533802628094,BUY,40,56,False,3,3
SOL/USDT,1784401200.0,591,59.68,0.0435,75.44,75.52,0.10604453870625435,BUY,41,16,False,3,3
SOL/USDT,1784404800.0,592,60.37,0.067,75.47,75.63,0.21200477010732288,BUY,41,20,False,3,2
SOL/USDT,1784408400.0,593,60.86,0.1043,75.49,75.68,0.2516889654259001,BUY,42,21,False,3,2
SOL/USDT,1784412000.0,594,62.81,0.1508,75.57,76.21,0.8468969167659133,BUY,42,17,True,3,3
SOL/USDT,1784415600.0,595,60.77,0.2435,75.52,75.96,0.5826271186440648,BUY,44,18,True,3,3
SOL/USDT,1784419200.0,596,63.58,0.3162,75.63,76.0,0.48922385296840487,BUY,45,38,False,3,3
SOL/USDT,1784422800.0,597,64.81,0.3893,75.68,75.97,0.38319238900633196,BUY,46,18,False,3,3
SOL/USDT,1784426400.0,598,74.62,0.4787,76.21,76.11,-0.13121637580369286,HOLD,45,18,True,3,3
SOL/USDT,1784430000.0,599,65.36,0.5175,75.96,76.14,0.23696682464455876,BUY,48,19,False,3,3
SOL/USDT,1784433600.0,600,66.09,0.5682,76.0,76.28,0.3684210526315805,BUY,49,24,False,3,2
SOL/USDT,1784437200.0,601,64.99,0.5972,75.97,75.99,0.02632618138738452,BUY,49,20,False,3,3
SOL/USDT,1784440800.0,602,67.69,0.6367,76.11,76.26,0.19708316909736656,BUY,50,20,False,3,3
SOL/USDT,1784444400.0,603,68.25,0.6825,76.14,76.06,-0.10506960861570566,BUY,50,25,False,3,2
SOL/USDT,1784448000.0,604,70.82,0.729,76.28,76.01,-0.35395909805977455,HOLD,45,22,True,3,2
SOL/USDT,1784451600.0,605,60.01,0.7642,75.99,76.12,0.1710751414659951,BUY,51,20,False,3,3
SOL/USDT,1784455200.0,606,65.32,0.796,76.26,76.43,0.22292158405455242,BUY,52,21,False,3,3
SOL/USDT,1784458800.0,607,59.06,0.7956,76.06,76.21,0.19721272679462462,BUY,52,51,False,3,2
SOL/USDT,1784462400.0,608,57.58,0.7233,76.01,75.92,-0.11840547296408815,BUY,51,60,False,3,3
SOL/USDT,1784466000.0,609,59.96,0.6934,76.12,75.97,-0.1970572779821409,BUY,50,60,False,3,3
SOL/USDT,1784469600.0,610,65.8,0.685,76.43,75.75,-0.8897029962056873,BUY,50,20,False,3,3
SOL/USDT,1784473200.0,611,59.2,0.6564,76.21,75.88,-0.4330140401522088,BUY,50,60,False,3,3
SOL/USDT,1784476800.0,612,51.83,0.5865,75.92,76.14,0.2897787144362472,BUY,49,40,False,3,3
SOL/USDT,1784480400.0,613,52.92,0.5198,75.97,75.78,-0.25009872318019977,BUY,48,49,False,3,2
SOL/USDT,1784484000.0,614,47.8,0.4171,75.75,76.1,0.4620462046204545,BUY,46,38,False,3,3
SOL/USDT,1784487600.0,615,50.83,0.3518,75.88,76.38,0.6589351607801792,BUY,45,18,True,3,3
SOL/USDT,1784491200.0,616,56.29,0.2848,76.14,76.57,0.5647491463094203,BUY,44,38,True,3,3
SOL/USDT,1784494800.0,617,48.29,0.2122,75.78,76.39,0.8049617313275264,BUY,43,17,True,3,3
SOL/USDT,1784498400.0,618,54.48,0.1832,76.1,76.98,1.1563731931668983,BUY,43,37,True,3,3
SOL/USDT,1784502000.0,619,59.09,0.1721,76.38,76.76,0.49751243781095794,BUY,43,17,False,3,3
SOL/USDT,1784505600.0,620,61.92,0.1343,76.57,76.46,-0.14365939663053343,BUY,42,37,False,3,3
SOL/USDT,1784509200.0,621,57.85,0.1162,76.39,75.92,-0.6152637779814096,BUY,42,21,False,3,2
SOL/USDT,1784512800.0,622,65.78,0.1893,76.98,75.64,-1.7407118732138263,BUY,43,37,False,3,3
SOL/USDT,1784516400.0,623,61.16,0.2374,76.76,76.22,-0.7034914017717642,BUY,44,38,False,3,3
SOL/USDT,1784520000.0,624,55.44,0.2916,76.46,76.15,-0.4054407533350616,BUY,44,38,False,3,3
SOL/USDT,1784523600.0,625,46.92,0.2793,75.92,76.47,0.724446786090618,BUY,44,38,True,3,3
SOL/USDT,1784527200.0,626,43.22,0.2132,75.64,76.34,0.9254362771020661,BUY,43,37,True,3,3
SOL/USDT,1784530800.0,627,51.72,0.2473,76.22,77.14,1.2070322749934423,BUY,44,18,True,3,3
SOL/USDT,1784534400.0,628,50.74,0.2565,76.15,76.75,0.7879185817465453,BUY,44,58,True,3,3
SOL/USDT,1784538000.0,629,54.97,0.2459,76.47,76.29,-0.2353864260494215,BUY,44,38,False,3,3
SOL/USDT,1784541600.0,630,52.98,0.2008,76.34,76.15,-0.24888656012575025,BUY,43,37,False,3,3
SOL/USDT,1784545200.0,631,62.08,0.248,77.14,77.76,0.8037334716100655,BUY,44,18,True,3,3
SOL/USDT,1784548800.0,632,56.35,0.1898,76.75,77.66,1.1856677524429922,BUY,43,57,True,3,3
SOL/USDT,1784552400.0,633,50.44,0.1215,76.29,77.74,1.9006422860138792,BUY,42,17,True,3,3
SOL/USDT,1784556000.0,634,48.76,0.0866,76.15,77.67,1.996060407091262,BUY,41,36,True,3,3
SOL/USDT,1784559600.0,635,63.71,0.2503,77.76,77.63,-0.16718106995886017,BUY,44,38,False,3,3
SOL/USDT,1784563200.0,636,62.49,0.4536,77.66,77.88,0.28328611898016853,BUY,47,39,False,3,3
SOL/USDT,1784566800.0,637,63.1,0.579,77.74,77.74,0.0,BUY,49,20,False,3,3
SOL/USDT,1784570400.0,638,62.15,0.705,77.67,77.44,-0.2961246298442178,BUY,51,20,False,3,3
SOL/USDT,1784574000.0,639,61.58,0.7903,77.63,77.85,0.28339559448666607,BUY,52,21,False,3,3
SOL/USDT,1784577600.0,640,63.81,0.9279,77.88,78.12,0.3081664098613368,BUY,54,42,False,3,3
SOL/USDT,1784581200.0,641,61.65,0.939,77.74,77.84,0.12863390789813292,BUY,54,42,False,3,3
SOL/USDT,1784584800.0,642,57.18,0.9623,77.44,78.02,0.7489669421487581,BUY,54,42,True,3,3
SOL/USDT,1784588400.0,643,61.31,1.0831,77.85,78.19,0.4367373153500365,BUY,56,62,False,3,3
SOL/USDT,1784592000.0,644,63.79,1.2357,78.12,78.13,0.012800819252420511,BUY,59,84,False,3,3
SOL/USDT,1784595600.0,645,59.53,1.16,77.84,78.45,0.7836587872559089,BUY,57,78,True,3,2
SOL/USDT,1784599200.0,646,61.32,1.1244,78.02,78.67,0.833119712894137,BUY,57,54,True,3,2
SOL/USDT,1784602800.0,647,62.98,1.0774,78.19,78.56,0.4732062923647583,BUY,56,62,False,3,3
SOL/USDT,1784606400.0,648,61.97,1.0483,78.13,78.36,0.2943811596057903,BUY,56,28,False,3,2
SOL/USDT,1784610000.0,649,65.18,1.0642,78.45,78.43,-0.025493945188012776,BUY,56,42,False,3,3
SOL/USDT,1784613600.0,650,67.23,1.0749,78.67,78.22,-0.5720096606076049,BUY,56,28,False,3,2
SOL/USDT,1784617200.0,651,65.17,1.0864,78.56,78.36,-0.2545824847250545,BUY,56,53,False,3,2
SOL/USDT,1784620800.0,652,61.47,1.1453,78.36,78.52,0.20418580908626413,BUY,57,63,False,3,3
SOL/USDT,1784624400.0,653,62.27,1.1474,78.43,78.58,0.19125334693356047,BUY,57,78,False,3,2
SOL/USDT,1784628000.0,654,58.32,1.0837,78.22,78.0,-0.28125799028381343,BUY,56,62,False,3,3
SOL/USDT,1784631600.0,655,60.14,1.0448,78.36,78.14,-0.2807554874936178,BUY,56,22,False,3,3
SOL/USDT,1784635200.0,656,62.17,0.9842,78.52,78.19,-0.42027508914925915,BUY,55,42,False,3,3
SOL/USDT,1784638800.0,657,62.93,0.9322,78.58,77.72,-1.0944260626113507,BUY,54,62,False,3,3
SOL/USDT,1784642400.0,658,52.03,0.8354,78.0,77.85,-0.19230769230769962,BUY,53,41,False,3,3
SOL/USDT,1784646000.0,659,54.09,0.7235,78.14,77.87,-0.3455336575377476,BUY,51,20,False,3,3
SOL/USDT,1784649600.0,660,54.84,0.5821,78.19,77.91,-0.35810205908684123,BUY,49,40,False,3,3
SOL/USDT,1784653200.0,661,47.07,0.4493,77.72,78.05,0.4246011322696839,BUY,47,19,False,3,3
SOL/USDT,1784656800.0,662,49.22,0.3366,77.85,78.0,0.1926782273603156,BUY,45,38,False,3,3
SOL/USDT,1784660400.0,663,49.56,0.197,77.87,78.12,0.3210479003467317,BUY,43,17,False,3,3
SOL/USDT,1784664000.0,664,50.27,0.082,77.91,78.46,0.705942754460271,BUY,41,36,True,3,3
SOL/USDT,1784667600.0,665,52.79,0.0299,78.05,78.34,0.3715566944266576,BUY,40,56,False,3,3
SOL/USDT,1784671200.0,666,51.78,-0.0512,78.0,78.13,0.16666666666666086,SELL,41,36,False,3,3
SOL/USDT,1784674800.0,667,54.05,-0.1264,78.12,77.87,-0.32002048131080385,SELL,42,57,False,3,3
SOL/USDT,1784678400.0,668,59.82,-0.1011,78.46,78.06,-0.5098139179199485,SELL,42,37,True,3,3
SOL/USDT,1784682000.0,669,57.09,-0.1058,78.34,77.43,-1.1616032678069907,SELL,42,57,True,3,3
SOL/USDT,1784685600.0,670,52.58,-0.1241,78.13,77.29,-1.0751311916037236,SELL,42,37,True,3,3
SOL/USDT,1784689200.0,671,47.57,-0.1105,77.87,77.1,-0.9888275330679468,SELL,42,37,True,3,3
SOL/USDT,1784692800.0,672,51.23,-0.11,78.06,77.43,-0.8070714834742446,SELL,42,17,True,3,3
SOL/USDT,1784696400.0,673,41.01,-0.1484,77.43,77.55,0.15497869043005338,SELL,42,57,False,3,3
SOL/USDT,1784700000.0,674,39.14,-0.1924,77.29,77.68,0.5045930909561399,SELL,43,72,False,3,2
SOL/USDT,1784703600.0,675,36.69,-0.2825,77.1,77.56,0.5966277561608404,SELL,44,38,False,3,3
SOL/USDT,1784707200.0,676,43.31,-0.3304,77.43,77.24,-0.24538292651428636,SELL,45,18,False,3,3
SOL/USDT,1784710800.0,677,45.54,-0.3762,77.55,77.87,0.4126370083816988,SELL,46,18,False,3,3
SOL/USDT,1784714400.0,678,47.93,-0.457,77.68,77.9,0.28321318228630127,SELL,47,39,False,3,3
SOL/USDT,1784718000.0,679,45.93,-0.5191,77.56,78.47,1.1732851985559523,SELL,48,59,False,3,3
SOL/USDT,1784721600.0,680,41.01,-0.5725,77.24,78.58,1.7348524080787204,SELL,49,60,False,3,3
SOL/USDT,1784725200.0,681,51.93,-0.5431,77.87,78.21,0.43662514447154127,SELL,48,19,False,3,3
SOL/USDT,1784728800.0,682,52.38,-0.5441,77.9,77.74,-0.20539152759950036,SELL,48,24,False,3,2
SOL/USDT,1784732400.0,683,60.07,-0.4123,78.47,77.66,-1.0322416210016596,SELL,46,18,True,3,3
SOL/USDT,1784736000.0,684,61.36,-0.2622,78.58,77.8,-0.9926189870195994,SELL,44,47,True,3,2
SOL/USDT,1784739600.0,685,54.91,-0.1133,78.21,78.02,-0.24293568597365778,SELL,42,37,False,3,3
SOL/USDT,1784743200.0,686,48.0,-0.0402,77.74,78.01,0.34731155132494246,SELL,41,36,False,3,3
SOL/USDT,1784746800.0,687,46.92,0.0133,77.66,77.97,0.39917589492660605,BUY,40,16,False,3,3
SOL/USDT,1784750400.0,688,49.08,0.0372,77.8,78.27,0.6041131105398443,BUY,41,56,True,3,3
SOL/USDT,1784754000.0,689,52.37,0.1015,78.02,77.9,-0.1538067162265962,BUY,42,37,False,3,3
SOL/USDT,1784757600.0,690,52.2,0.2081,78.01,77.76,-0.3204717343930265,BUY,43,37,False,3,3
SOL/USDT,1784761200.0,691,51.5,0.2102,77.97,77.6,-0.4745414903167943,BUY,43,22,False,3,2
SOL/USDT,1784764800.0,692,56.23,0.2397,78.27,77.53,-0.9454452536092947,BUY,44,58,False,3,3
SOL/USDT,1784768400.0,693,49.78,0.1652,77.9,77.53,-0.47496790757381835,BUY,42,17,False,3,3
SOL/USDT,1784772000.0,694,47.56,0.0663,77.76,77.57,-0.24434156378602356,BUY,41,36,False,3,3
SOL/USDT,1784775600.0,695,45.08,0.0073,77.6,77.16,-0.5670103092783476,BUY,40,56,False,3,3
SOL/USDT,1784779200.0,696,44.01,0.0004,77.53,77.47,-0.07738939765252453,BUY,40,45,False,3,2
SOL/USDT,1784782800.0,697,44.01,0.009,77.53,77.49,-0.0515929317683558,BUY,40,60,False,3,1
SOL/USDT,1784786400.0,698,44.88,0.0176,77.57,77.74,0.21915689055047277,BUY,40,40,False,3,0
SOL/USDT,1784790000.0,699,38.28,-0.0424,77.16,77.67,0.6609642301710797,SELL,41,36,False,3,3
SOL/USDT,1784793600.0,700,44.88,-0.0836,77.47,76.94,-0.6841357945010987,SELL,41,56,True,3,3
SOL/USDT,1784797200.0,701,45.29,-0.1291,77.49,76.7,-1.0194863853400338,SELL,42,46,True,3,2
SOL/USDT,1784800800.0,702,50.23,-0.1836,77.74,76.43,-1.6851041934653823,SELL,43,57,True,3,3
SOL/USDT,1784804400.0,703,48.9,-0.2234,77.67,76.39,-1.6479979400025764,SELL,43,57,True,3,3
SOL/USDT,1784808000.0,704,37.68,-0.314,76.94,76.01,-1.2087340785027199,SELL,45,38,True,3,3
SOL/USDT,1784811600.0,705,34.85,-0.4127,76.7,75.65,-1.3689700130378057,SELL,46,38,True,3,3
SOL/USDT,1784815200.0,706,31.94,-0.5116,76.43,75.81,-0.8111997906581243,SELL,48,39,True,3,3
SOL/USDT,1784818800.0,707,31.52,-0.6089,76.39,75.75,-0.8378059955491565,SELL,49,50,True,3,2
SOL/USDT,1784822400.0,708,27.78,-0.7387,76.01,76.12,0.14471780028943484,HOLD,45,48,True,3,2
SOL/USDT,1784826000.0,709,24.79,-0.8519,75.65,76.05,0.5287508261731546,HOLD,45,48,False,3,2
SOL/USDT,1784829600.0,710,28.48,-1.0052,75.81,76.19,0.5012531328320742,HOLD,45,38,False,3,3
SOL/USDT,1784833200.0,711,27.93,-1.1397,75.75,75.88,0.17161716171616562,HOLD,45,38,True,3,3
SOL/USDT,1784836800.0,712,36.17,-1.2733,76.12,75.82,-0.3941145559642818,SELL,59,24,False,3,3
SOL/USDT,1784840400.0,713,35.34,-1.3799,76.05,75.7,-0.4602235371466066,SELL,61,30,False,3,2
SOL/USDT,1784844000.0,714,38.36,-1.3753,76.19,75.53,-0.8662554140963336,SELL,61,30,True,3,2
SOL/USDT,1784847600.0,715,34.52,-1.3823,75.88,75.83,-0.06589351607801418,SELL,61,30,False,3,2
SOL/USDT,1784851200.0,716,33.81,-1.3796,75.82,75.66,-0.2110261144816626,SELL,61,41,False,3,1
SOL/USDT,1784854800.0,717,32.38,-1.3855,75.7,75.8,0.13210039630118137,SELL,61,41,False,3,1
SOL/USDT,1784858400.0,718,30.42,-1.3509,75.53,75.85,0.42367271282933033,SELL,60,30,False,3,2
SOL/USDT,1784862000.0,719,37.6,-1.2337,75.83,76.07,0.316497428458387,SELL,59,44,False,3,3
SOL/USDT,1784865600.0,720,35.37,-1.1524,75.66,75.78,0.15860428231562854,SELL,57,23,False,3,3
SOL/USDT,1784869200.0,721,38.6,-1.0526,75.8,75.62,-0.23746701846964727,SELL,56,42,False,3,3
SOL/USDT,1784872800.0,722,39.76,-0.9837,75.85,75.49,-0.4746209624258398,SELL,55,52,False,3,2
SOL/USDT,1784876400.0,723,44.69,-0.9021,76.07,75.2,-1.1436834494544372,SELL,54,42,True,3,3
SOL/USDT,1784880000.0,724,40.04,-0.8702,75.78,74.86,-1.2140406439693874,SELL,53,41,True,3,3
SOL/USDT,1784883600.0,725,37.7,-0.8186,75.62,74.22,-1.8513620735255298,SELL,52,41,True,3,3
SOL/USDT,1784887200.0,726,35.87,-0.7735,75.49,74.03,-1.9340309974831023,SELL,52,21,True,3,3
SOL/USDT,1784890800.0,727,32.13,-0.738,75.2,74.04,-1.542553191489357,SELL,51,80,True,3,3
SOL/USDT,1784894400.0,728,28.38,-0.7082,74.86,73.9,-1.282393801763283,HOLD,45,78,False,3,3
SOL/USDT,1784898000.0,729,22.96,-0.7919,74.22,74.05,-0.229048773915389,HOLD,45,48,True,3,2
SOL/USDT,1784901600.0,730,21.64,-0.8568,74.03,73.98,-0.06754018641091065,HOLD,45,48,True,3,2
SOL/USDT,1784905200.0,731,21.89,-0.9385,74.04,73.97,-0.09454349000541246,HOLD,45,30,True,3,1
SOL/USDT,1784908800.0,732,20.87,-1.0286,73.9,73.77,-0.17591339648174514,HOLD,45,45,True,3,0
SOL/USDT,1784912400.0,733,24.92,-1.1379,74.05,73.63,-0.5671843349088477,HOLD,45,38,False,3,3
SOL/USDT,1784916000.0,734,24.3,-1.2471,73.98,73.94,-0.05406866720736179,HOLD,45,48,True,3,2
SOL/USDT,1784919600.0,735,24.2,-1.3468,73.97,73.96,-0.013518994186839417,HOLD,45,30,True,3,1
SOL/USDT,1784923200.0,736,22.35,-1.459,73.77,74.13,0.48800325335502165,HOLD,45,30,True,3,1
SOL/USDT,1784926800.0,737,21.13,-1.5473,73.63,74.13,0.6790710308298248,HOLD,45,30,False,3,1
SOL/USDT,1784930400.0,738,30.2,-1.5793,73.94,74.11,0.22991614822829554,SELL,64,26,False,3,3
SOL/USDT,1784934000.0,739,30.75,-1.5401,73.96,74.14,0.24337479718767827,SELL,63,32,False,3,2
SOL/USDT,1784937600.0,740,35.44,-1.4532,74.13,74.32,0.2563064886011031,SELL,62,25,False,3,3
SOL/USDT,1784941200.0,741,35.44,-1.3703,74.13,73.99,-0.1888574126534474,SELL,61,24,False,3,3
SOL/USDT,1784944800.0,742,35.11,-1.254,74.11,74.03,-0.10794764539198258,SELL,59,24,False,3,3
SOL/USDT,1784948400.0,743,36.06,-1.158,74.14,73.79,-0.4720798489344407,SELL,57,23,False,3,3
SOL/USDT,1784952000.0,744,41.56,-1.0301,74.32,73.79,-0.7131324004305529,SELL,55,42,True,3,3
SOL/USDT,1784955600.0,745,35.53,-0.944,73.99,74.0,0.013515339910805672,SELL,54,22,False,3,3
SOL/USDT,1784959200.0,746,36.72,-0.83,74.03,73.98,-0.06754018641091065,SELL,52,41,False,3,3
SOL/USDT,1784962800.0,747,32.79,-0.7239,73.79,73.92,0.17617563355467603,SELL,51,80,False,3,3
SOL/USDT,1784966400.0,748,32.79,-0.6668,73.79,73.97,0.24393549261416533,SELL,50,75,False,3,2
SOL/USDT,1784970000.0,749,39.38,-0.5801,74.0,73.98,-0.02702702702702165,SELL,49,40,False,3,3
SOL/USDT,1784973600.0,750,38.99,-0.5254,73.98,74.06,0.10813733441470436,SELL,48,49,False,3,2
SOL/USDT,1784977200.0,751,37.77,-0.4698,73.92,74.18,0.35173160173160867,SELL,47,48,False,3,2
SOL/USDT,1784980800.0,752,39.47,-0.4047,73.97,74.32,0.47316479653912985,SELL,46,48,False,3,2
SOL/USDT,1784984400.0,753,39.82,-0.3328,73.98,74.48,0.6758583400919167,SELL,45,22,False,3,2
SOL/USDT,1784988000.0,754,42.7,-0.2908,74.06,74.66,0.810153929246549,SELL,44,18,False,3,3
SOL/USDT,1784991600.0,755,46.81,-0.2006,74.18,74.57,0.5257481801024351,SELL,43,37,False,3,3
SOL/USDT,1784995200.0,756,51.21,-0.1089,74.32,74.45,0.17491926803015295,SELL,42,37,False,3,3
SOL/USDT,1784998800.0,757,55.71,0.0167,74.48,74.46,-0.026852846401732317,BUY,40,36,False,3,3
SOL/USDT,1785002400.0,758,60.17,0.1431,74.66,74.5,-0.21430484864719607,BUY,42,17,False,3,3
SOL/USDT,1785006000.0,759,57.08,0.2043,74.57,74.52,-0.067051092932811,BUY,43,57,False,3,3
SOL/USDT,1785009600.0,760,53.15,0.2488,74.45,74.79,0.456682337139024,BUY,44,18,False,3,3
SOL/USDT,1785013200.0,761,53.44,0.3028,74.46,74.82,0.4834810636583393,BUY,45,22,False,3,2
SOL/USDT,1785016800.0,762,54.64,0.3472,74.5,74.9,0.5369127516778599,BUY,45,18,True,3,3
SOL/USDT,1785020400.0,763,55.26,0.3989,74.52,75.03,0.6843800322061261,BUY,46,23,True,3,2
SOL/USDT,1785024000.0,764,62.67,0.4608,74.79,75.07,0.3743816018184074,BUY,47,39,False,3,3
SOL/USDT,1785027600.0,765,63.4,0.5087,74.82,75.02,0.26730820636193914,BUY,48,24,False,3,2
SOL/USDT,1785031200.0,766,65.34,0.5358,74.9,75.12,0.29372496662216135,BUY,48,19,False,3,3
SOL/USDT,1785034800.0,767,68.27,0.5467,75.03,74.87,-0.2132480341196809,BUY,48,19,False,3,3
SOL/USDT,1785038400.0,768,69.14,0.5509,75.07,74.98,-0.11988810443584548,BUY,48,24,False,3,2
SOL/USDT,1785042000.0,769,66.69,0.5636,75.02,75.07,0.06664889362836199,BUY,48,24,False,3,2
SOL/USDT,1785045600.0,770,69.05,0.6091,75.12,75.12,0.0,BUY,49,24,False,3,2
SOL/USDT,1785049200.0,771,57.98,0.6309,74.87,74.95,0.10685187658608025,BUY,49,40,False,3,3
SOL/USDT,1785052800.0,772,60.94,0.6562,74.98,74.89,-0.12003200853561403,BUY,50,40,False,3,3
SOL/USDT,1785056400.0,773,63.23,0.6881,75.07,74.94,-0.17317170640734708,BUY,50,20,False,3,3
SOL/USDT,1785060000.0,774,64.48,0.6964,75.12,75.06,-0.07987220447284647,BUY,50,25,False,3,2
SOL/USDT,1785063600.0,775,57.36,0.6706,74.95,75.49,0.720480320213465,BUY,50,40,True,3,3
SOL/USDT,1785067200.0,776,55.06,0.6305,74.89,75.53,0.8545867271998939,BUY,49,40,True,3,3
SOL/USDT,1785070800.0,777,56.62,0.5667,74.94,75.38,0.5871363757672774,BUY,49,60,True,3,3
SOL/USDT,1785074400.0,778,60.21,0.5083,75.06,75.39,0.4396482813748978,BUY,48,19,False,3,3
SOL/USDT,1785078000.0,779,69.83,0.5044,75.49,75.34,-0.19870181480989732,BUY,48,19,False,3,3
SOL/USDT,1785081600.0,780,70.54,0.4898,75.53,75.34,-0.25155567324241723,HOLD,45,22,True,3,2
SOL/USDT,1785085200.0,781,64.39,0.4926,75.38,75.65,0.35818519501195306,BUY,47,19,False,3,3
SOL/USDT,1785088800.0,782,64.61,0.4838,75.39,76.71,1.7508953442100985,BUY,47,24,True,3,2
SOL/USDT,1785092400.0,783,62.52,0.459,75.34,76.76,1.884788956729495,BUY,47,39,True,3,3
SOL/USDT,1785096000.0,784,62.52,0.4312,75.34,76.35,1.3405893283780075,BUY,46,23,True,3,2
SOL/USDT,1785099600.0,785,69.6,0.4589,75.65,76.52,1.150033046926623,BUY,47,39,True,3,3
SOL/USDT,1785103200.0,786,82.08,0.5948,76.71,76.44,-0.3519749706687473,HOLD,45,78,True,3,3
SOL/USDT,1785106800.0,787,82.44,0.7353,76.76,76.4,-0.4689942678478366,HOLD,45,72,True,3,2
SOL/USDT,1785110400.0,788,69.85,0.8315,76.35,76.3,-0.06548788474131914,BUY,52,41,False,3,3
SOL/USDT,1785114000.0,789,71.77,0.8813,76.52,76.56,0.05227391531626536,HOLD,45,48,True,3,2
SOL/USDT,1785117600.0,790,69.52,0.9132,76.44,76.73,0.3793825222396733,BUY,54,36,False,3,1
SOL/USDT,1785121200.0,791,68.37,0.962,76.4,76.47,0.09162303664920572,BUY,54,27,False,3,2
SOL/USDT,1785124800.0,792,65.44,1.0023,76.3,76.3,0.0,BUY,55,22,False,3,3
SOL/USDT,1785128400.0,793,69.14,1.0729,76.56,76.49,-0.09143155694880799,BUY,56,22,False,3,3
SOL/USDT,1785132000.0,794,71.3,1.1704,76.73,76.61,-0.1563925452886805,HOLD,45,22,True,3,2
SOL/USDT,1785135600.0,795,63.93,1.2053,76.47,76.5,0.03923107100824001,BUY,58,63,False,3,3
SOL/USDT,1785139200.0,796,59.59,1.0887,76.3,76.86,0.7339449541284434,BUY,56,42,True,3,3
SOL/USDT,1785142800.0,797,62.64,0.988,76.49,76.92,0.5621649888874453,BUY,55,42,True,3,3
SOL/USDT,1785146400.0,798,64.47,0.9539,76.61,75.48,-1.47500326328155,BUY,54,22,False,3,3
SOL/USDT,1785150000.0,799,61.5,0.8856,76.5,75.28,-1.594771241830064,BUY,53,41,False,3,3
SOL/USDT,1785153600.0,800,66.87,0.8638,76.86,75.95,-1.1839708561019993,BUY,53,21,False,3,3
SOL/USDT,1785157200.0,801,67.68,0.8415,76.92,75.91,-1.3130525221008906,BUY,53,26,False,3,2
SOL/USDT,1785160800.0,802,41.48,0.7114,75.48,75.62,0.18547959724430385,BUY,51,20,False,3,3
SOL/USDT,1785164400.0,803,39.21,0.5336,75.28,75.98,0.9298618490967093,BUY,48,19,True,3,3
SOL/USDT,1785168000.0,804,49.23,0.3944,75.95,75.98,0.03949967083607786,BUY,46,18,False,3,3
SOL/USDT,1785171600.0,805,48.72,0.2784,75.91,75.6,-0.40837834277434104,BUY,44,18,False,3,3
SOL/USDT,1785175200.0,806,45.03,0.1569,75.62,74.06,-2.0629463104998704,BUY,42,17,False,3,3
SOL/USDT,1785178800.0,807,50.08,0.0443,75.98,74.2,-2.3427217688865505,BUY,41,56,False,3,3
SOL/USDT,1785182400.0,808,50.08,-0.0788,75.98,73.73,-2.9613056067386156,SELL,41,16,True,3,3
SOL/USDT,1785186000.0,809,45.02,-0.2019,75.6,73.21,-3.1613756613756623,SELL,43,57,True,3,3
SOL/USDT,1785189600.0,810,31.23,-0.5057,74.06,73.37,-0.9316770186335372,SELL,48,59,True,3,3
SOL/USDT,1785193200.0,811,33.23,-0.812,74.2,73.28,-1.239892183288412,SELL,52,41,True,3,3
SOL/USDT,1785196800.0,812,30.07,-0.9701,73.73,73.22,-0.691713006917137,SELL,55,42,True,3,3
SOL/USDT,1785200400.0,813,27.01,-1.1502,73.21,73.27,0.08195601693757995,HOLD,45,38,True,3,3
SOL/USDT,1785204000.0,814,29.39,-1.4049,73.37,73.44,0.09540684203351939,HOLD,45,18,True,3,3
SOL/USDT,1785207600.0,815,28.82,-1.6492,73.28,73.3,0.027292576419208545,HOLD,45,18,True,3,3
SOL/USDT,1785211200.0,816,28.42,-1.8153,73.22,73.37,0.20486205954657974,HOLD,45,22,True,3,2
SOL/USDT,1785214800.0,817,29.29,-2.0229,73.27,73.26,-0.013648150675571045,HOLD,45,22,True,3,2
SOL/USDT,1785218400.0,818,32.31,-2.2336,73.44,73.15,-0.3948801742919282,SELL,70,35,False,3,2
SOL/USDT,1785222000.0,819,31.13,-2.3997,73.3,73.2,-0.13642564802182036,SELL,70,35,False,3,2
SOL/USDT,1785225600.0,820,32.46,-2.3586,73.37,73.39,0.027259097723859912,SELL,70,47,False,3,1
SOL/USDT,1785229200.0,821,31.44,-2.3477,73.26,72.72,-0.7371007371007456,SELL,70,70,True,3,0
SOL/USDT,1785232800.0,822,30.4,-2.2883,73.15,73.43,0.38277511961722643,SELL,70,47,False,3,1
SOL/USDT,1785236400.0,823,31.5,-2.1436,73.2,74.35,1.5710382513661085,SELL,70,60,False,3,2
SOL/USDT,1785240000.0,824,35.67,-1.9952,73.39,74.42,1.4034609619839231,SELL,70,35,False,3,2
SOL/USDT,1785243600.0,825,28.98,-1.9061,72.72,73.83,1.5264026402640256,HOLD,45,58,False,3,3
SOL/USDT,1785247200.0,826,41.51,-1.7521,73.43,73.88,0.6128285441917317,SELL,66,66,False,3,3
SOL/USDT,1785250800.0,827,53.07,-1.513,74.35,74.33,-0.026899798251507765,SELL,63,25,False,3,3
SOL/USDT,1785254400.0,828,53.82,-1.2847,74.42,74.05,-0.49717817790917035,SELL,59,24,False,3,3
SOL/USDT,1785258000.0,829,47.02,-1.0952,73.83,74.15,0.433428145740224,SELL,56,22,False,3,3
SOL/USDT,1785261600.0,830,47.62,-0.8941,73.88,73.44,-0.5955603681645881,SELL,53,41,True,3,3
SOL/USDT,1785265200.0,831,52.83,-0.6344,74.33,73.83,-0.6726759047490919,SELL,50,20,True,3,3
SOL/USDT,1785268800.0,832,49.53,-0.449,74.05,73.78,-0.36461850101282384,SELL,47,39,False,3,3
SOL/USDT,1785272400.0,833,50.71,-0.2701,74.15,73.27,-1.186783546864477,SELL,44,38,True,3,3
SOL/USDT,1785276000.0,834,43.0,-0.1505,73.44,73.69,0.3404139433551198,SELL,42,17,False,3,3
SOL/USDT,1785279600.0,835,47.7,0.0934,73.83,73.09,-1.002302587024238,BUY,41,16,False,3,3
SOL/USDT,1785283200.0,836,47.17,0.2239,73.78,73.45,-0.447275684467333,BUY,43,37,False,3,3
SOL/USDT,1785286800.0,837,41.97,0.2002,73.27,73.68,0.5595741776989366,BUY,43,37,True,3,3
SOL/USDT,1785290400.0,838,47.14,0.205,73.69,74.08,0.5292441308182937,BUY,43,46,True,3,2
SOL/USDT,1785294000.0,839,41.46,0.2183,73.09,74.26,1.6007661786838168,BUY,43,46,True,3,2
SOL/USDT,1785297600.0,840,45.68,0.1876,73.45,73.95,0.6807351940095302,BUY,43,17,True,3,3
SOL/USDT,1785301200.0,841,48.26,0.1228,73.68,74.14,0.6243213897936939,BUY,42,37,True,3,3
SOL/USDT,1785304800.0,842,52.47,0.111,74.08,73.91,-0.2294816414686848,BUY,42,37,False,3,3
SOL/USDT,1785308400.0,843,54.27,0.0784,74.26,73.96,-0.40398599515218336,BUY,41,16,False,3,3
SOL/USDT,1785312000.0,844,50.7,0.1213,73.95,73.52,-0.5814739688979131,BUY,42,57,False,3,3
SOL/USDT,1785315600.0,845,52.76,0.1245,74.14,73.72,-0.5664958187213404,BUY,42,21,False,3,2
SOL/USDT,1785319200.0,846,50.04,0.1109,73.91,73.28,-0.8523880395075031,BUY,42,57,False,3,3
SOL/USDT,1785322800.0,847,50.64,0.1732,73.96,73.12,-1.1357490535424408,BUY,43,22,False,3,2
SOL/USDT,1785326400.0,848,45.5,0.1465,73.52,73.28,-0.32644178454841527,BUY,42,37,False,3,3
SOL/USDT,1785330000.0,849,48.08,0.213,73.72,73.94,0.2984264785675514,BUY,43,37,False,3,3
SOL/USDT,1785333600.0,850,43.24,0.194,73.28,74.23,1.2963973799126676,BUY,43,37,True,3,3
SOL/USDT,1785337200.0,851,41.59,0.1244,73.12,72.76,-0.4923413566739598,BUY,42,37,False,3,3
SOL/USDT,1785340800.0,852,43.89,0.0099,73.28,72.65,-0.859716157205234,BUY,40,16,False,3,3
SOL/USDT,1785344400.0,853,52.22,-0.0669,73.94,73.18,-1.027860427373534,SELL,41,36,True,3,3
SOL/USDT,1785348000.0,854,55.36,-0.0669,74.23,73.65,-0.7813552472046318,SELL,41,56,True,3,3
SOL/USDT,1785351600.0,855,40.75,-0.2558,72.76,73.68,1.264431006047281,SELL,44,58,False,3,3
SOL/USDT,1785355200.0,856,39.9,-0.3915,72.65,73.3,0.8947006194081094,SELL,46,18,False,3,3
SOL/USDT,1785358800.0,857,45.76,-0.4446,73.18,74.02,1.1478546050833414,SELL,47,39,False,3,3
SOL/USDT,1785362400.0,858,50.38,-0.3923,73.65,73.83,0.24439918533603883,SELL,46,38,False,3,3
SOL/USDT,1785366000.0,859,50.67,-0.391,73.68,73.71,0.04071661237783242,SELL,46,23,False,3,2
SOL/USDT,1785369600.0,860,46.94,-0.3621,73.3,73.52,0.3001364256480203,SELL,45,18,False,3,3
SOL/USDT,1785373200.0,861,53.87,-0.2259,74.02,73.7,-0.4323155903809689,SELL,43,17,False,3,3
SOL/USDT,1785376800.0,862,51.94,-0.1413,73.83,73.53,-0.40633888663144685,SELL,42,57,False,3,3
SOL/USDT,1785380400.0,863,50.71,-0.1526,73.71,73.41,-0.40700040700040313,SELL,42,57,False,3,3
SOL/USDT,1785384000.0,864,48.74,-0.2527,73.52,73.81,0.3944504896626853,SELL,44,58,False,3,3
SOL/USDT,1785387600.0,865,50.69,-0.1191,73.7,74.05,0.47489823609225823,SELL,42,46,False,3,2
SOL/USDT,1785391200.0,866,48.8,0.0118,73.53,73.9,0.5031959744322108,BUY,40,36,True,3,3
SOL/USDT,1785394800.0,867,47.45,0.0367,73.41,74.23,1.1170140307860066,BUY,41,16,True,3,3
SOL/USDT,1785398400.0,868,52.19,0.053,73.81,74.41,0.8128979813033387,BUY,41,36,True,3,3
SOL/USDT,1785402000.0,869,54.83,0.0597,74.05,74.69,0.8642808912896699,BUY,41,16,True,3,3
SOL/USDT,1785405600.0,870,52.87,0.1208,73.9,74.64,1.0013531799729294,BUY,42,17,True,3,3
SOL/USDT,1785409200.0,871,56.55,0.1244,74.23,74.65,0.565808972113703,BUY,42,37,True,3,3
SOL/USDT,1785412800.0,872,58.45,0.1882,74.41,74.58,0.22846391614030603,BUY,43,37,False,3,3
SOL/USDT,1785416400.0,873,61.3,0.3017,74.69,74.76,0.09372071227742321,BUY,45,38,False,3,3
SOL/USDT,1785420000.0,874,60.5,0.4223,74.64,74.52,-0.1607717041800704,BUY,46,38,False,3,3
SOL/USDT,1785423600.0,875,60.61,0.528,74.65,74.78,0.1741460147354259,BUY,48,19,False,3,3
SOL/USDT,1785427200.0,876,59.36,0.6399,74.58,74.49,-0.12067578439260312,BUY,50,40,False,3,3
SOL/USDT,1785430800.0,877,61.56,0.7864,74.76,74.49,-0.3611556982343636,BUY,52,21,False,3,3
SOL/USDT,1785434400.0,878,57.13,0.8371,74.52,74.75,0.30864197530864734,BUY,53,41,False,3,3
SOL/USDT,1785438000.0,879,60.45,0.8877,74.78,74.51,-0.36105910671301955,BUY,53,41,False,3,3
SOL/USDT,1785441600.0,880,55.3,0.9125,74.49,74.49,0.0,BUY,54,62,False,3,3
SOL/USDT,1785445200.0,881,55.3,0.8853,74.49,74.4,-0.12082158679015868,BUY,53,52,False,3,2
SOL/USDT,1785448800.0,882,58.94,0.8645,74.75,74.15,-0.8026755852842734,BUY,53,41,False,3,3
SOL/USDT,1785452400.0,883,54.53,0.8143,74.51,74.14,-0.4965776405851624,BUY,52,41,False,3,3
SOL/USDT,1785456000.0,884,54.17,0.7822,74.49,73.83,-0.8860249697945988,BUY,52,26,False,3,2
SOL/USDT,1785459600.0,885,52.47,0.6741,74.4,74.24,-0.2150537634408747,BUY,50,40,False,3,3
SOL/USDT,1785463200.0,886,47.98,0.5482,74.15,74.11,-0.05394470667566588,BUY,48,39,False,3,3
SOL/USDT,1785466800.0,887,47.81,0.4212,74.14,73.68,-0.6204478014566951,BUY,46,18,False,3,3
SOL/USDT,1785470400.0,888,42.58,0.32,73.83,73.66,-0.23025870242449098,BUY,45,58,False,3,3
SOL/USDT,1785474000.0,889,50.31,0.222,74.24,73.48,-1.023706896551712,BUY,43,37,False,3,3
SOL/USDT,1785477600.0,890,48.1,0.1343,74.11,73.56,-0.7421400620698922,BUY,42,37,False,3,3
SOL/USDT,1785481200.0,891,41.59,0.0404,73.68,73.57,-0.1492942453854691,BUY,41,36,False,3,3
SOL/USDT,1785484800.0,892,41.31,-0.0988,73.66,73.63,-0.04072766766223342,SELL,41,36,False,3,3
SOL/USDT,1785488400.0,893,38.78,-0.2274,73.48,73.29,-0.25857376156777045,SELL,43,57,False,3,3
SOL/USDT,1785492000.0,894,40.52,-0.3545,73.56,73.05,-0.6933115823817362,SELL,45,18,True,3,3
SOL/USDT,1785495600.0,895,40.75,-0.4606,73.57,73.1,-0.6388473562593433,SELL,47,59,True,3,3
SOL/USDT,1785499200.0,896,42.18,-0.5351,73.63,73.3,-0.44818688034768206,SELL,48,39,False,3,3
SOL/USDT,1785502800.0,897,36.77,-0.6444,73.29,73.35,0.08186655751124036,SELL,50,40,False,3,3
SOL/USDT,1785506400.0,898,33.51,-0.7156,73.05,73.12,0.09582477754963367,SELL,51,40,False,3,3
SOL/USDT,1785510000.0,899,34.8,-0.827,73.1,73.08,-0.027359781121745582,SELL,52,21,False,3,3
SOL/USDT,1785513600.0,900,39.86,-0.9095,73.3,72.95,-0.47748976807639065,SELL,54,42,False,3,3
SOL/USDT,1785517200.0,901,41.1,-0.9148,73.35,72.73,-0.8452624403544517,SELL,54,27,True,3,2
SOL/USDT,1785520800.0,902,37.31,-0.9302,73.12,72.85,-0.3692560175054844,SELL,54,42,False,3,3
SOL/USDT,1785524400.0,903,36.68,-0.9124,73.08,72.87,-0.2873563218390719,SELL,54,27,False,3,2
SOL/USDT,1785528000.0,904,34.63,-0.9194,72.95,73.01,0.08224811514736433,SELL,54,42,False,3,3
SOL/USDT,1785531600.0,905,31.42,-0.9473,72.73,73.04,0.42623401622439466,SELL,54,42,False,3,3
SOL/USDT,1785535200.0,906,34.96,-0.9756,72.85,73.08,0.3157172271791407,SELL,55,42,False,3,3
SOL/USDT,1785538800.0,907,35.55,-0.9479,72.87,73.03,0.2195690956497826,SELL,54,27,False,3,2
SOL/USDT,1785542400.0,908,39.72,-0.8857,73.01,73.17,0.21914806190932282,SELL,53,41,False,3,3
SOL/USDT,1785546000.0,909,40.61,-0.8158,73.04,72.93,-0.15060240963855342,SELL,52,61,False,3,3
SOL/USDT,1785549600.0,910,41.84,-0.7823,73.08,73.0,-0.10946907498631403,SELL,52,51,False,3,2
SOL/USDT,1785553200.0,911,40.71,-0.7602,73.03,72.98,-0.06846501437764912,SELL,51,34,False,3,1
SOL/USDT,1785556800.0,912,45.18,-0.6823,73.17,73.04,-0.17766844335109394,SELL,50,40,False,3,3
SOL/USDT,1785560400.0,913,39.65,-0.6314,72.93,72.85,-0.1096942273413033,SELL,49,40,False,3,3
SOL/USDT,1785564000.0,914,41.89,-0.5574,73.0,72.85,-0.2054794520548023,SELL,48,19,False,3,3
SOL/USDT,1785567600.0,915,41.42,-0.4591,72.98,72.89,-0.12332145793368514,SELL,47,79,False,3,3
SOL/USDT,1785571200.0,916,43.47,-0.3829,73.04,72.93,-0.15060240963855342,SELL,46,18,False,3,3
SOL/USDT,1785574800.0,917,38.83,-0.3272,72.85,72.98,0.17844886753604622,SELL,45,38,False,3,3
SOL/USDT,1785578400.0,918,38.83,-0.3046,72.85,73.02,0.2333562113932762,SELL,45,22,False,3,2
SOL/USDT,1785582000.0,919,40.38,-0.2638,72.89,72.8,-0.12347372753464593,SELL,44,38,False,3,3
SOL/USDT,1785585600.0,920,41.97,-0.2306,72.93,72.7,-0.3153709036062032,SELL,43,17,False,3,3
SOL/USDT,1785589200.0,921,43.98,-0.2056,72.98,71.93,-1.4387503425596015,SELL,43,57,True,3,3
SOL/USDT,1785592800.0,922,45.61,-0.197,73.02,71.09,-2.6431114763078507,SELL,43,57,True,3,3
SOL/USDT,1785596400.0,923,38.92,-0.1838,72.8,71.27,-2.101648351648353,SELL,43,37,True,3,3
SOL/USDT,1785600000.0,924,36.32,-0.1857,72.7,71.56,-1.5680880330123805,SELL,43,17,True,3,3
SOL/USDT,1785603600.0,925,23.36,-0.2548,71.93,71.86,-0.09731683581260583,HOLD,45,38,True,3,3
SOL/USDT,1785607200.0,926,16.46,-0.4065,71.09,71.92,1.1675341116894054,HOLD,45,48,False,3,2
SOL/USDT,1785610800.0,927,21.79,-0.5314,71.27,71.95,0.9541181422758621,HOLD,45,63,False,3,1
SOL/USDT,1785614400.0,928,29.59,-0.6407,71.56,72.12,0.7825600894354419,HOLD,45,58,False,3,3
SOL/USDT,1785618000.0,929,36.62,-0.7259,71.86,72.66,1.113275814082935,SELL,51,60,False,3,3
SOL/USDT,1785621600.0,930,37.96,-0.802,71.92,73.15,1.7102335928809844,SELL,52,61,False,3,3
SOL/USDT,1785625200.0,931,38.66,-0.88,71.95,73.2,1.7373175816539264,SELL,53,21,False,3,3
SOL/USDT,1785628800.0,932,42.59,-0.9585,72.12,73.53,1.9550748752079818,SELL,54,22,False,3,3
SOL/USDT,1785632400.0,933,52.91,-0.9587,72.66,73.59,1.279933938893486,SELL,54,22,False,3,3
SOL/USDT,1785636000.0,934,59.95,-0.9058,73.15,73.45,0.4101161995898799,SELL,54,42,False,3,3
SOL/USDT,1785639600.0,935,60.6,-0.7523,73.2,73.46,0.35519125683058866,SELL,51,26,False,3,2
SOL/USDT,1785643200.0,936,64.66,-0.4474,73.53,73.17,-0.4895960832313333,SELL,47,59,False,3,3
SOL/USDT,1785646800.0,937,65.36,-0.161,73.59,73.38,-0.28536485935590156,SELL,42,57,False,3,3
SOL/USDT,1785650400.0,938,62.26,0.0789,73.45,73.26,-0.2586793737236184,BUY,41,16,False,3,3
SOL/USDT,1785654000.0,939,62.4,0.2797,73.46,72.99,-0.6398039749523535,BUY,44,38,False,3,3
SOL/USDT,1785657600.0,940,56.05,0.4475,73.17,72.9,-0.3690036900368949,BUY,47,79,False,3,3
SOL/USDT,1785661200.0,941,59.28,0.628,73.38,72.97,-0.5587353502316661,BUY,49,20,False,3,3
SOL/USDT,1785664800.0,942,56.71,0.7806,73.26,73.09,-0.23205023205023437,BUY,52,41,False,3,3
SOL/USDT,1785668400.0,943,51.33,0.8233,72.99,73.03,0.05480202767503254,BUY,52,21,False,3,3
SOL/USDT,1785672000.0,944,49.64,0.7935,72.9,73.14,0.3292181069958777,BUY,52,26,False,3,2
SOL/USDT,1785675600.0,945,50.99,0.7623,72.97,73.31,0.46594490886666223,BUY,51,34,False,3,1
SOL/USDT,1785679200.0,946,53.31,0.6995,73.09,73.57,0.656724586126679,BUY,50,20,True,3,3
SOL/USDT,1785682800.0,947,51.98,0.6142,73.03,73.72,0.9448171984116085,BUY,49,40,True,3,3
SOL/USDT,1785686400.0,948,54.23,0.5582,73.14,73.69,0.7519824993163756,BUY,48,39,True,3,3
SOL/USDT,1785690000.0,949,57.53,0.5182,73.31,74.0,0.9412085663620211,BUY,48,59,True,3,3
SOL/USDT,1785693600.0,950,62.04,0.5437,73.57,73.64,0.09514747859182737,BUY,48,19,False,3,3
SOL/USDT,1785697200.0,951,64.39,0.5564,73.72,73.63,-0.12208355941400353,BUY,48,19,False,3,3
SOL/USDT,1785700800.0,952,63.54,0.5846,73.69,73.22,-0.6378070294476847,BUY,49,24,False,3,2
SOL/USDT,1785704400.0,953,68.19,0.668,74.0,73.01,-1.3378378378378308,BUY,50,20,False,3,3
SOL/USDT,1785708000.0,954,58.8,0.7262,73.64,73.04,-0.8147745790331263,BUY,51,40,False,3,3
SOL/USDT,1785711600.0,955,58.56,0.7385,73.63,72.9,-0.9914437050115305,BUY,51,50,False,3,2
SOL/USDT,1785715200.0,956,49.58,0.6583,73.22,72.85,-0.5053264135482171,BUY,50,20,False,3,3
SOL/USDT,1785718800.0,957,45.72,0.5757,73.01,72.92,-0.12327078482400138,BUY,49,40,False,3,3
SOL/USDT,1785722400.0,958,46.36,0.4942,73.04,72.59,-0.6161007667031801,BUY,47,59,False,3,3
SOL/USDT,1785726000.0,959,43.75,0.3905,72.9,72.52,-0.5212620027434974,BUY,46,18,False,3,3
SOL/USDT,1785729600.0,960,42.83,0.2496,72.85,72.37,-0.6588881262868769,BUY,44,58,False,3,3
SOL/USDT,1785733200.0,961,44.59,0.0961,72.92,72.74,-0.24684585847505047,BUY,41,36,False,3,3
SOL/USDT,1785736800.0,962,38.54,-0.0756,72.59,72.62,0.04132800661248262,SELL,41,16,False,3,3
SOL/USDT,1785740400.0,963,37.38,-0.2713,72.52,72.45,-0.09652509652508713,SELL,44,58,False,3,3
SOL/USDT,1785744000.0,964,34.96,-0.4094,72.37,72.43,0.08290728202294081,SELL,46,38,False,3,3
SOL/USDT,1785747600.0,965,44.52,-0.5101,72.74,73.26,0.7148748968930578,SELL,48,39,False,3,3
SOL/USDT,1785751200.0,966,42.35,-0.5509,72.62,73.79,1.611126411456901,SELL,48,19,False,3,3
SOL/USDT,1785754800.0,967,39.41,-0.5758,72.45,73.62,1.614906832298139,SELL,49,20,False,3,3
SOL/USDT,1785758400.0,968,39.07,-0.613,72.43,73.42,1.3668369460168366,SELL,49,24,False,3,2
SOL/USDT,1785762000.0,969,56.14,-0.5546,73.26,73.69,0.5869505869505768,SELL,48,19,False,3,3
SOL/USDT,1785765600.0,970,63.23,-0.4542,73.79,73.98,0.2574874644260709,SELL,47,39,False,3,3
SOL/USDT,1785769200.0,971,59.88,-0.3693,73.62,74.02,0.5433306166802383,SELL,46,38,False,3,3
SOL/USDT,1785772800.0,972,56.13,-0.2631,73.42,73.86,0.5992917461182208,SELL,44,38,False,3,3
SOL/USDT,1785776400.0,973,59.79,-0.1349,73.69,73.71,0.027140724657342952,SELL,42,57,False,3,3
SOL/USDT,1785780000.0,974,63.34,0.036,73.98,73.54,-0.5947553392808836,BUY,41,16,False,3,3
SOL/USDT,1785783600.0,975,63.81,0.163,74.02,73.56,-0.6214536611726477,BUY,42,37,False,3,3
SOL/USDT,1785787200.0,976,60.45,0.2972,73.86,73.08,-1.0560519902518293,BUY,44,38,False,3,3
SOL/USDT,1785790800.0,977,57.39,0.4382,73.71,73.77,0.08140008140008449,BUY,47,59,False,3,3
SOL/USDT,1785794400.0,978,54.05,0.5714,73.54,73.87,0.4487353821049745,BUY,49,40,False,3,3
SOL/USDT,1785798000.0,979,54.39,0.6009,73.56,73.7,0.19032082653616172,BUY,49,50,False,3,2
SOL/USDT,1785801600.0,980,45.74,0.5264,73.08,73.82,1.0125889436234194,BUY,48,39,True,3,3
SOL/USDT,1785805200.0,981,56.46,0.5446,73.77,73.74,-0.04066693777958674,BUY,48,79,False,3,3
SOL/USDT,1785808800.0,982,57.76,0.5978,73.87,73.42,-0.6091782861784254,BUY,49,60,False,3,3
SOL/USDT,1785812400.0,983,54.76,0.6129,73.7,73.68,-0.027137042062409793,BUY,49,40,False,3,3
SOL/USDT,1785816000.0,984,56.48,0.5828,73.82,73.36,-0.6231373611487317,BUY,49,74,False,3,2
SOL/USDT,1785819600.0,985,54.98,0.5396,73.74,73.29,-0.6102522375915225,BUY,48,39,False,3,3
SOL/USDT,1785823200.0,986,49.34,0.4704,73.42,73.61,0.25878507218741176,BUY,47,19,False,3,3
SOL/USDT,1785826800.0,987,53.51,0.4357,73.68,73.95,0.366449511400646,BUY,47,19,False,3,3
SOL/USDT,1785830400.0,988,48.25,0.3965,73.36,73.82,0.6270447110141681,BUY,46,18,True,3,3
SOL/USDT,1785834000.0,989,47.16,0.3419,73.29,73.63,0.4639104925637729,BUY,45,78,False,3,3
SOL/USDT,1785837600.0,990,52.46,0.3795,73.61,73.82,0.285287325091691,BUY,46,18,False,3,3
SOL/USDT,1785841200.0,991,57.35,0.357,73.95,73.99,0.05409060175793379,BUY,45,58,False,3,3
SOL/USDT,1785844800.0,992,55.02,0.2942,73.82,73.72,-0.1354646437279793,BUY,44,18,False,3,3
SOL/USDT,1785848400.0,993,51.71,0.2341,73.63,73.78,0.20372130924895515,BUY,44,38,False,3,3
SOL/USDT,1785852000.0,994,54.65,0.1682,73.82,74.15,0.4470333243023741,BUY,43,37,False,3,3
SOL/USDT,1785855600.0,995,57.16,0.1455,73.99,74.29,0.4054601973239781,BUY,42,37,False,3,3
